{
  "selection": [
    {
      "order": 377,
      "name": "enlarge-fill",
      "prevSize": 32
    },
    {
      "order": 378,
      "name": "enlarge",
      "prevSize": 32
    },
    {
      "order": 379,
      "name": "error-fill",
      "prevSize": 32
    },
    {
      "order": 380,
      "name": "error",
      "prevSize": 32
    },
    {
      "order": 381,
      "name": "increase-fill",
      "prevSize": 32
    },
    {
      "order": 382,
      "name": "increase",
      "prevSize": 32
    },
    {
      "order": 383,
      "name": "info-fill",
      "prevSize": 32
    },
    {
      "order": 384,
      "name": "info",
      "prevSize": 32
    },
    {
      "order": 385,
      "name": "more-fill",
      "prevSize": 32
    },
    {
      "order": 386,
      "name": "more",
      "prevSize": 32
    },
    {
      "order": 387,
      "name": "question-fill",
      "prevSize": 32
    },
    {
      "order": 388,
      "name": "question",
      "prevSize": 32
    },
    {
      "order": 389,
      "name": "triangle-sm-down",
      "prevSize": 32
    },
    {
      "order": 390,
      "name": "triangle-sm-left",
      "prevSize": 32
    },
    {
      "order": 391,
      "name": "triangle-sm-right",
      "prevSize": 32
    },
    {
      "order": 392,
      "name": "triangle-sm-up",
      "prevSize": 32
    },
    {
      "order": 393,
      "name": "warning-sign-fill",
      "prevSize": 32
    },
    {
      "order": 394,
      "name": "warning-sign",
      "prevSize": 32
    },
    {
      "order": 395,
      "name": "profile-add-fill",
      "prevSize": 32
    },
    {
      "order": 396,
      "name": "profile-add",
      "prevSize": 32
    },
    {
      "order": 397,
      "name": "profile-check-fill",
      "prevSize": 32
    },
    {
      "order": 398,
      "name": "profile-check",
      "prevSize": 32
    },
    {
      "order": 399,
      "name": "profile-edit-fill",
      "prevSize": 32
    },
    {
      "order": 400,
      "name": "profile-edit",
      "prevSize": 32
    },
    {
      "order": 401,
      "name": "profile-heart-fill",
      "prevSize": 32
    },
    {
      "order": 402,
      "name": "profile-heart",
      "prevSize": 32
    },
    {
      "order": 403,
      "name": "profile-remove-fill",
      "prevSize": 32
    },
    {
      "order": 404,
      "name": "profile-remove",
      "prevSize": 32
    },
    {
      "order": 405,
      "name": "check-outline-fill",
      "prevSize": 32
    },
    {
      "order": 406,
      "name": "check-outline",
      "prevSize": 32
    },
    {
      "order": 407,
      "name": "user-circle-fill",
      "prevSize": 32
    },
    {
      "order": 408,
      "name": "user-circle",
      "prevSize": 32
    },
    {
      "order": 409,
      "name": "data-download-fill",
      "prevSize": 32
    },
    {
      "order": 410,
      "name": "data-download",
      "prevSize": 32
    },
    {
      "order": 411,
      "name": "data-upload-fill",
      "prevSize": 32
    },
    {
      "order": 412,
      "name": "data-upload",
      "prevSize": 32
    },
    {
      "order": 413,
      "name": "document-fill",
      "prevSize": 32
    },
    {
      "order": 414,
      "name": "document",
      "prevSize": 32
    },
    {
      "order": 415,
      "name": "export-fill",
      "prevSize": 32
    },
    {
      "order": 416,
      "name": "export",
      "prevSize": 32
    },
    {
      "order": 417,
      "name": "floppy-disk-fill",
      "prevSize": 32
    },
    {
      "order": 418,
      "name": "floppy-disk",
      "prevSize": 32
    },
    {
      "order": 419,
      "name": "hide-fill",
      "prevSize": 32
    },
    {
      "order": 420,
      "name": "image-fill",
      "prevSize": 32
    },
    {
      "order": 421,
      "name": "image",
      "prevSize": 32
    },
    {
      "order": 422,
      "name": "import-fill",
      "prevSize": 32
    },
    {
      "order": 423,
      "name": "users-fill",
      "prevSize": 32
    },
    {
      "order": 424,
      "name": "users",
      "prevSize": 32
    },
    {
      "order": 425,
      "name": "profile-fill",
      "prevSize": 32
    },
    {
      "order": 426,
      "name": "profile",
      "prevSize": 32
    },
    {
      "order": 427,
      "name": "time-fill",
      "prevSize": 32
    },
    {
      "order": 428,
      "name": "time",
      "prevSize": 32
    },
    {
      "order": 429,
      "name": "view-fill",
      "prevSize": 32
    },
    {
      "order": 430,
      "name": "bell-fill",
      "prevSize": 32
    },
    {
      "order": 431,
      "name": "bell",
      "prevSize": 32
    },
    {
      "order": 432,
      "name": "remove-fill",
      "prevSize": 32
    },
    {
      "order": 433,
      "name": "remove-circle",
      "prevSize": 32
    },
    {
      "order": 434,
      "name": "calendar",
      "prevSize": 32
    },
    {
      "order": 435,
      "name": "check",
      "prevSize": 32
    },
    {
      "order": 436,
      "name": "check-small",
      "prevSize": 32
    },
    {
      "order": 437,
      "name": "minus",
      "prevSize": 32
    },
    {
      "order": 438,
      "name": "remove",
      "prevSize": 32
    },
    {
      "order": 439,
      "name": "gear-fill",
      "prevSize": 32
    },
    {
      "order": 440,
      "name": "gear",
      "prevSize": 32
    },
    {
      "order": 441,
      "name": "hide",
      "prevSize": 32
    },
    {
      "order": 442,
      "name": "minus-small",
      "prevSize": 32
    },
    {
      "order": 443,
      "name": "search",
      "prevSize": 32
    },
    {
      "order": 444,
      "name": "view",
      "prevSize": 32
    },
    {
      "order": 445,
      "name": "arrow-down",
      "prevSize": 32
    },
    {
      "order": 446,
      "name": "arrow-left",
      "prevSize": 32
    },
    {
      "order": 447,
      "name": "arrow-right",
      "prevSize": 32
    },
    {
      "order": 448,
      "name": "arrow-sm-down",
      "prevSize": 32
    },
    {
      "order": 449,
      "name": "arrow-sm-left",
      "prevSize": 32
    },
    {
      "order": 450,
      "name": "arrow-sm-right",
      "prevSize": 32
    },
    {
      "order": 451,
      "name": "arrow-up",
      "prevSize": 32
    },
    {
      "order": 452,
      "name": "alumnae-fill",
      "prevSize": 32
    },
    {
      "order": 453,
      "name": "calendar-fill",
      "prevSize": 32
    },
    {
      "order": 454,
      "name": "communication-fill",
      "prevSize": 32
    },
    {
      "order": 455,
      "name": "guest-list-fill",
      "prevSize": 32
    },
    {
      "order": 456,
      "name": "nomination-fill",
      "prevSize": 32
    },
    {
      "order": 457,
      "name": "quick-export-fill",
      "prevSize": 32
    },
    {
      "order": 458,
      "name": "report-fill",
      "prevSize": 32
    },
    {
      "order": 459,
      "name": "sponsor-fill",
      "prevSize": 32
    },
    {
      "order": 460,
      "name": "table-planning-fill",
      "prevSize": 32
    },
    {
      "order": 461,
      "name": "caret-sm-up",
      "prevSize": 32
    },
    {
      "order": 462,
      "name": "contacts-fill",
      "prevSize": 32
    },
    {
      "order": 463,
      "name": "add",
      "prevSize": 32
    },
    {
      "order": 464,
      "name": "import",
      "prevSize": 32
    },
    {
      "order": 465,
      "name": "close-outline",
      "prevSize": 32
    },
    {
      "order": 466,
      "name": "triangle-sm-down-fill",
      "prevSize": 32
    },
    {
      "order": 467,
      "name": "triangle-sm-left-fill",
      "prevSize": 32
    },
    {
      "order": 468,
      "name": "triangle-sm-right-fill",
      "prevSize": 32
    },
    {
      "order": 469,
      "name": "triangle-sm-up-fill",
      "prevSize": 32
    }
  ],
  "metadata": {
    "name": "Untitled Set 2",
    "importSize": {
      "width": 24,
      "height": 24
    },
    "iconsHash": 1098100735
  },
  "height": 1024,
  "prevSize": 32,
  "icons": [
    {
      "paths": [
        "M512 903.991c-14.852-0.004-29.094-5.905-39.595-16.41l-168.017-168.009c-10.202-10.56-15.847-24.708-15.72-39.39 0.128-14.686 6.018-28.732 16.402-39.113 10.384-10.385 24.431-16.273 39.115-16.401s28.832 5.517 39.394 15.718l128.42 128.414 128.422-128.414c10.56-10.202 24.708-15.846 39.394-15.718 14.682 0.128 28.732 6.016 39.113 16.401 10.385 10.381 16.277 24.427 16.401 39.113 0.128 14.682-5.517 28.83-15.718 39.39l-168.017 168.009c-10.5 10.505-24.742 16.405-39.595 16.41z",
        "M680.017 400c-14.852-0.003-29.094-5.905-39.595-16.409l-128.422-128.413-128.42 128.413c-10.563 10.201-24.71 15.846-39.394 15.718s-28.731-6.017-39.115-16.401c-10.384-10.383-16.274-24.429-16.402-39.113s5.518-28.83 15.72-39.392l168.017-168.007c10.5-10.499 24.742-16.397 39.595-16.397s29.094 5.898 39.595 16.397l168.017 168.007c7.829 7.832 13.163 17.809 15.322 28.671 2.163 10.862 1.054 22.121-3.187 32.352-4.237 10.231-11.413 18.977-20.621 25.131s-20.032 9.44-31.108 9.442z"
      ],
      "grid": 0,
      "tags": [
        "enlarge-fill"
      ],
      "defaultCode": 59723
    },
    {
      "paths": [
        "M490.914 72.012c12.019-10.682 30.127-10.682 42.146 0l249.766 222.018c13.094 11.637 14.272 31.685 2.637 44.777-11.639 13.092-31.689 14.271-44.779 2.634l-228.698-203.287-228.698 203.287c-13.092 11.637-33.14 10.458-44.777-2.634s-10.458-33.14 2.634-44.777l249.769-222.018z",
        "M238.512 685.231c11.637-13.094 31.685-14.272 44.777-2.637l228.698 203.29 228.698-203.29c13.090-11.635 33.139-10.458 44.779 2.637 11.635 13.090 10.458 33.139-2.637 44.774l-249.766 222.020c-12.019 10.679-30.127 10.679-42.146 0l-249.769-222.020c-13.092-11.635-14.271-31.684-2.634-44.774z"
      ],
      "grid": 0,
      "tags": [
        "enlarge"
      ],
      "defaultCode": 59724
    },
    {
      "paths": [
        "M512 64c-246.4 0-448 201.6-448 448s201.6 448 448 448c246.4 0 448-201.6 448-448s-201.6-448-448-448zM512 736c-30.912 0-56-25.088-56-56s25.088-56 56-56c30.912 0 56 25.088 56 56s-25.088 56-56 56zM568 539.998c0 15.458-12.544 28.002-28.002 28.002h-55.996c-15.458 0-28.002-12.544-28.002-28.002v-223.998c0-15.456 12.544-28 28.002-28h55.996c15.458 0 28.002 12.544 28.002 28v223.998z"
      ],
      "grid": 0,
      "tags": [
        "error-fill"
      ],
      "defaultCode": 59725
    },
    {
      "paths": [
        "M512 127.434c-212.39 0-384.566 172.176-384.566 384.566s172.176 384.567 384.566 384.567c212.39 0 384.567-172.177 384.567-384.567s-172.177-384.566-384.567-384.566zM64 512c0-247.424 200.576-448 448-448s448 200.576 448 448c0 247.424-200.576 448-448 448s-448-200.576-448-448z",
        "M512.004 789.508c30.656 0 55.505-24.849 55.505-55.505 0-30.652-24.849-55.505-55.505-55.505s-55.505 24.853-55.505 55.505c0 30.656 24.849 55.505 55.505 55.505z",
        "M511.966 230.5c17.519 0 31.718 14.2 31.718 31.717v305.275c0 17.515-14.199 31.714-31.718 31.714-17.515 0-31.714-14.199-31.714-31.714v-305.275c0-17.517 14.199-31.717 31.714-31.717z"
      ],
      "grid": 0,
      "tags": [
        "error"
      ],
      "defaultCode": 59726
    },
    {
      "paths": [
        "M259.997 400.009h504.014c5.41-0.001 10.705-1.569 15.241-4.514 4.54-2.945 8.124-7.141 10.33-12.081 2.202-4.94 2.927-10.413 2.086-15.756s-3.209-10.33-6.822-14.355l-252.006-280.014c-2.697-2.805-5.935-5.037-9.515-6.561s-7.428-2.31-11.319-2.31c-3.891 0-7.74 0.785-11.319 2.31s-6.818 3.756-9.515 6.561l-252.006 280.014c-3.613 4.026-5.984 9.012-6.824 14.355s-0.115 10.816 2.089 15.756c2.203 4.94 5.791 9.137 10.328 12.081s9.831 4.513 15.24 4.514z",
        "M764.062 624h-504.015c-5.42-0.009-10.726 1.557-15.274 4.501-4.548 2.948-8.143 7.155-10.349 12.105s-2.927 10.436-2.077 15.791c0.85 5.35 3.236 10.342 6.867 14.366l252.007 280.013c2.628 2.927 5.837 5.265 9.429 6.865 3.588 1.6 7.475 2.428 11.405 2.428s7.817-0.828 11.405-2.428c3.588-1.6 6.801-3.938 9.425-6.865l252.011-280.013c3.631-4.023 6.016-9.015 6.865-14.366 0.853-5.355 0.132-10.842-2.074-15.791s-5.803-9.156-10.351-12.105c-4.548-2.944-9.856-4.51-15.275-4.501z"
      ],
      "grid": 0,
      "tags": [
        "increase-fill"
      ],
      "defaultCode": 59727
    },
    {
      "paths": [
        "M511.987 64c8.99 0 17.562 3.816 23.573 10.499l249.771 277.522c8.38 9.31 10.496 22.679 5.397 34.121-5.094 11.442-16.448 18.813-28.971 18.813h-499.54c-12.525 0-23.878-7.371-28.973-18.813s-2.981-24.811 5.398-34.121l249.772-277.522c6.012-6.683 14.583-10.499 23.573-10.499zM333.433 341.522h357.106l-178.551-198.394-178.554 198.394z",
        "M233.244 637.897c5.096-11.443 16.448-18.812 28.973-18.812h499.54c12.523 0 23.876 7.369 28.971 18.812 5.099 11.443 2.982 24.811-5.397 34.121l-249.771 277.521c-6.012 6.686-14.583 10.5-23.573 10.5s-17.562-3.814-23.573-10.5l-249.772-277.521c-8.379-9.31-10.494-22.677-5.398-34.121zM333.433 682.517l178.554 198.391 178.551-198.391h-357.106z"
      ],
      "grid": 0,
      "tags": [
        "increase"
      ],
      "defaultCode": 59728
    },
    {
      "paths": [
        "M512 64c-246.4 0-448 201.6-448 448s201.6 448 448 448c246.4 0 448-201.6 448-448s-201.6-448-448-448zM568 708.002c0 15.454-12.544 27.998-28.002 27.998h-55.996c-15.458 0-28.002-12.544-28.002-27.998v-224c0-15.458 12.544-28.002 28.002-28.002h55.996c15.458 0 28.002 12.544 28.002 28.002v224zM512 400c-30.912 0-56-25.088-56-56s25.088-56 56-56c30.912 0 56 25.088 56 56s-25.088 56-56 56z"
      ],
      "grid": 0,
      "tags": [
        "info-fill"
      ],
      "defaultCode": 59729
    },
    {
      "paths": [
        "M512 127.434c-212.39 0-384.566 172.176-384.566 384.566s172.176 384.567 384.566 384.567c212.39 0 384.567-172.177 384.567-384.567s-172.177-384.566-384.567-384.566zM64 512c0-247.424 200.576-448 448-448s448 200.576 448 448c0 247.424-200.576 448-448 448s-448-200.576-448-448z",
        "M512.004 345.509c30.656 0 55.505-24.85 55.505-55.504s-24.849-55.505-55.505-55.505c-30.656 0-55.505 24.85-55.505 55.505s24.849 55.504 55.505 55.504z",
        "M511.966 424.75c17.519 0 31.718 14.2 31.718 31.715v305.276c0 17.519-14.199 31.718-31.718 31.718-17.515 0-31.714-14.199-31.714-31.718v-305.276c0-17.515 14.199-31.715 31.714-31.715z"
      ],
      "grid": 0,
      "tags": [
        "info"
      ],
      "defaultCode": 59730
    },
    {
      "paths": [
        "M512 624c61.854 0 112-50.146 112-112s-50.146-112-112-112c-61.854 0-112 50.146-112 112s50.146 112 112 112z",
        "M176 624c61.856 0 112-50.146 112-112s-50.144-112-112-112c-61.856 0-112 50.146-112 112s50.144 112 112 112z",
        "M848 624c61.854 0 112-50.146 112-112s-50.146-112-112-112c-61.854 0-112 50.146-112 112s50.146 112 112 112z"
      ],
      "grid": 0,
      "tags": [
        "more-fill"
      ],
      "defaultCode": 59731
    },
    {
      "paths": [
        "M511.974 460.518c-28.467 0-51.541 23.074-51.541 51.537 0 28.467 23.074 51.541 51.541 51.541 28.463 0 51.537-23.074 51.537-51.541 0-28.463-23.074-51.537-51.537-51.537zM397 512.055c0-63.497 51.473-114.972 114.974-114.972 63.497 0 114.974 51.476 114.974 114.972 0 63.501-51.477 114.974-114.974 114.974-63.501 0-114.974-51.473-114.974-114.974z",
        "M845.056 460.518c-28.463 0-51.537 23.074-51.537 51.537 0 28.467 23.074 51.541 51.537 51.541 28.467 0 51.541-23.074 51.541-51.541 0-28.463-23.074-51.537-51.541-51.537zM730.082 512.055c0-63.497 51.477-114.972 114.974-114.972 63.501 0 114.974 51.476 114.974 114.972 0 63.501-51.473 114.974-114.974 114.974-63.497 0-114.974-51.473-114.974-114.974z",
        "M178.973 460.518c-28.465 0-51.54 23.074-51.54 51.537 0 28.467 23.075 51.541 51.54 51.541s51.54-23.074 51.54-51.541c0-28.463-23.075-51.537-51.54-51.537zM64 512.055c0-63.497 51.475-114.972 114.973-114.972s114.973 51.476 114.973 114.972c0 63.501-51.475 114.974-114.973 114.974s-114.973-51.473-114.973-114.974z"
      ],
      "grid": 0,
      "tags": [
        "more"
      ],
      "defaultCode": 59732
    },
    {
      "paths": [
        "M512 64c-246.4 0-448 201.6-448 448s201.6 448 448 448c246.4 0 448-201.6 448-448s-201.6-448-448-448zM512 792c-30.912 0-56-25.088-56-56s25.088-56 56-56c30.912 0 56 25.088 56 56s-25.088 56-56 56zM602.889 517.154c-27.831 23.91-34.889 31.974-34.889 50.846 0 30.967-25.088 56-56 56s-56-25.033-56-56c0-72.465 44.518-110.656 74.031-135.91 27.831-23.802 34.889-31.921 34.889-50.737 0-10.248 0-37.352-52.864-37.352-24.414 1.344-50.453 12.544-70.447 31.416-22.456 21.168-57.961 20.104-79.185-2.296-21.224-22.512-20.216-57.96 2.296-79.184 39.312-37.016 90.551-59.024 144.426-61.824h0.166c101.474 0 167.607 59.976 167.607 149.296 0 72.407-44.518 110.598-73.975 135.802l-0.055-0.055z"
      ],
      "grid": 0,
      "tags": [
        "question-fill"
      ],
      "defaultCode": 59733
    },
    {
      "paths": [
        "M512 127.434c-212.39 0-384.566 172.176-384.566 384.566s172.176 384.567 384.566 384.567c212.39 0 384.567-172.177 384.567-384.567s-172.177-384.566-384.567-384.566zM64 512c0-247.424 200.576-448 448-448s448 200.576 448 448c0 247.424-200.576 448-448 448s-448-200.576-448-448z",
        "M512.256 789.508c30.652 0 55.501-24.849 55.501-55.505 0-30.652-24.849-55.505-55.501-55.505-30.656 0-55.505 24.853-55.505 55.505 0 30.656 24.849 55.505 55.505 55.505z",
        "M531.388 266.909c-30.276-3.586-62.669 6.211-81.421 23.132-13.005 11.735-33.061 10.707-44.797-2.298s-10.706-33.060 2.298-44.795c34.144-30.812 85.507-44.466 131.382-39.033 46.916 5.557 94.839 32.453 110.443 89.425 9.31 33.779 5.82 61.817-6.396 86.632-10.163 20.637-26.176 38.094-39.565 52.684-1.199 1.31-2.377 2.594-3.529 3.857-15.057 16.499-28.578 32.073-38.788 51.998-9.95 19.422-17.327 44.22-17.327 78.985 0 17.515-14.199 31.714-31.714 31.714-17.519 0-31.718-14.199-31.718-31.714 0-44.553 9.647-79.296 24.303-107.908 14.404-28.109 33.079-49.056 48.384-65.83 0.512-0.56 1.015-1.114 1.515-1.661 15.497-16.979 25.54-27.981 31.531-40.145 5.030-10.222 7.535-22.234 2.146-41.78l-0.017-0.060c-6.882-25.155-27.503-39.741-56.73-43.203z"
      ],
      "grid": 0,
      "tags": [
        "question"
      ],
      "defaultCode": 59734
    },
    {
      "paths": [
        "M239.516 363.643c4.982-11.187 16.081-18.393 28.326-18.393h488.382c12.245 0 23.343 7.206 28.326 18.393s2.914 24.257-5.278 33.359l-244.19 271.324c-5.879 6.537-14.259 10.266-23.049 10.266s-17.169-3.729-23.049-10.266l-244.192-271.324c-8.192-9.102-10.26-22.173-5.278-33.359zM337.467 407.267l174.567 193.961 174.566-193.961h-349.133z"
      ],
      "grid": 0,
      "tags": [
        "triangle-sm-down"
      ],
      "defaultCode": 59735
    },
    {
      "paths": [
        "M660.198 239.516c11.187 4.982 18.394 16.081 18.394 28.326v488.382c0 12.245-7.206 23.343-18.394 28.326s-24.256 2.914-33.357-5.278l-271.327-244.19c-6.534-5.879-10.265-14.259-10.265-23.049s3.731-17.169 10.265-23.049l271.327-244.192c9.101-8.192 22.17-10.26 33.357-5.278zM422.612 512.034l193.964 174.566v-349.133l-193.964 174.567z"
      ],
      "grid": 0,
      "tags": [
        "triangle-sm-left"
      ],
      "defaultCode": 59736
    },
    {
      "paths": [
        "M363.643 239.516c11.186-4.982 24.257-2.914 33.359 5.278l271.324 244.192c6.537 5.879 10.266 14.259 10.266 23.049s-3.729 17.169-10.266 23.049l-271.324 244.19c-9.102 8.192-22.173 10.261-33.359 5.278s-18.393-16.081-18.393-28.326v-488.382c0-12.245 7.206-23.344 18.393-28.326zM407.267 337.467v349.133l193.961-174.566-193.961-174.567z"
      ],
      "grid": 0,
      "tags": [
        "triangle-sm-right"
      ],
      "defaultCode": 59737
    },
    {
      "paths": [
        "M512.034 345.25c8.789 0 17.169 3.731 23.049 10.265l244.19 271.327c8.192 9.101 10.261 22.17 5.278 33.357s-16.081 18.394-28.326 18.394h-488.382c-12.245 0-23.344-7.206-28.326-18.394s-2.914-24.256 5.278-33.357l244.192-271.327c5.879-6.534 14.259-10.265 23.049-10.265zM337.467 616.576h349.133l-174.566-193.964-174.567 193.964z"
      ],
      "grid": 0,
      "tags": [
        "triangle-sm-up"
      ],
      "defaultCode": 59738
    },
    {
      "paths": [
        "M948.821 761.455l-353.677-652.004c-8.721-16.176-22.025-29.419-38.238-38.070-22.029-11.789-47.825-14.403-71.77-7.273-23.949 7.129-44.113 23.425-56.107 45.343l-353.62 652.004c-7.732 14.345-11.599 30.46-11.219 46.754s4.993 32.209 13.386 46.182c8.393 13.969 20.276 25.519 34.483 33.51 14.207 7.987 30.248 12.143 46.548 12.058h707.013c15.625 0 31.006-3.844 44.791-11.196 10.923-5.798 20.587-13.696 28.442-23.249 7.851-9.549 13.734-20.561 17.31-32.397s4.774-24.26 3.52-36.561c-1.25-12.301-4.979-24.23-10.863-35.102zM512.115 787.989c-11.072 0-21.897-3.281-31.104-9.434s-16.384-14.895-20.621-25.126c-4.237-10.231-5.346-21.487-3.187-32.346 2.159-10.863 7.492-20.838 15.322-28.668 7.834-7.829 17.809-13.158 28.668-15.322 10.863-2.159 22.118-1.050 32.35 3.187s18.974 11.413 25.126 20.621c6.153 9.207 9.434 20.032 9.434 31.104 0 14.848-5.897 29.086-16.397 39.586s-24.742 16.397-39.59 16.397zM568.102 592.043c0 7.424-2.948 14.545-8.196 19.793-5.252 5.248-12.373 8.201-19.797 8.201h-55.987c-7.424 0-14.545-2.953-19.793-8.201-5.252-5.248-8.201-12.369-8.201-19.793v-223.941c0-7.424 2.948-14.544 8.201-19.794 5.248-5.25 12.369-8.199 19.793-8.199h55.987c7.424 0 14.545 2.949 19.797 8.199 5.248 5.25 8.196 12.37 8.196 19.794v223.941z"
      ],
      "grid": 0,
      "tags": [
        "warning-sign-fill"
      ],
      "defaultCode": 59739
    },
    {
      "paths": [
        "M511.795 789.585c31.044 0 56.209-25.165 56.209-56.209s-25.165-56.209-56.209-56.209c-31.044 0-56.213 25.165-56.213 56.209s25.169 56.209 56.213 56.209z",
        "M511.787 279.667c17.741 0 32.124 14.381 32.124 32.121v281.044c0 17.737-14.383 32.119-32.124 32.119s-32.119-14.383-32.119-32.119v-281.044c0-17.74 14.379-32.121 32.119-32.121z",
        "M511.834 124.325c-6.076 0-12.036 1.644-17.25 4.758-5.214 3.112-9.485 7.577-12.365 12.92-0.004 0.003 0-0.003 0 0l-350.133 650.202c-2.755 5.124-4.134 10.876-4.002 16.691s1.769 11.499 4.753 16.495c2.984 4.992 7.212 9.126 12.272 12.002 5.060 2.871 10.778 4.382 16.597 4.386h700.254c5.82-0.004 11.537-1.515 16.597-4.386 5.060-2.876 9.289-7.010 12.271-12.002 2.987-4.996 4.621-10.679 4.753-16.495s-1.246-11.563-3.998-16.687c0 0 0 0.004 0 0l-350.131-650.198c-2.88-5.347-7.155-9.814-12.369-12.928s-11.174-4.758-17.25-4.758zM461.649 73.925c15.172-9.059 32.512-13.842 50.185-13.842s35.012 4.783 50.185 13.842c15.172 9.059 27.61 22.056 35.989 37.612l350.144 650.229c8.017 14.908 12.041 31.663 11.657 48.585s-5.15 33.455-13.828 47.987c-8.683 14.532-20.988 26.564-35.708 34.918-14.72 8.358-31.356 12.757-48.282 12.762h-700.298c-16.927-0.004-33.578-4.403-48.298-12.762-14.721-8.354-27.023-20.386-35.705-34.918s-13.448-31.066-13.831-47.987c-0.383-16.922 3.629-33.655 11.645-48.567l350.151-650.239c8.381-15.556 20.823-28.561 35.995-37.62z"
      ],
      "grid": 0,
      "tags": [
        "warning-sign"
      ],
      "defaultCode": 59740
    },
    {
      "paths": [
        "M512 512c123.712 0 224-100.288 224-224s-100.288-224-224-224c-123.712 0-224 100.288-224 224s100.288 224 224 224z",
        "M960 736h-112v-112h-112v112h-112v112h112v112h112v-112h112v-112z",
        "M512 792c0-62.554 21.222-119.671 55.889-166.319-18.202-0.951-36.625-1.681-55.889-1.681-178.752 0-310.184 44.518-382.872 77.393-39.928 18.086-65.128 57.958-65.128 101.807v156.8h505.289c-35.447-46.929-57.289-104.666-57.289-168z"
      ],
      "grid": 0,
      "tags": [
        "a-add-fill"
      ],
      "defaultCode": 59688
    },
    {
      "paths": [
        "M214.324 709.658c57.993-57.993 136.65-90.573 218.666-90.573h166.511c17.519 0 31.718 14.199 31.718 31.714 0 17.519-14.199 31.718-31.718 31.718h-166.511c-65.193 0-127.714 25.899-173.812 71.996-38.557 38.554-62.982 88.602-69.941 142.093h465.769c17.519 0 31.718 14.199 31.718 31.718 0 17.515-14.199 31.714-31.718 31.714h-499.539c-8.412 0-16.479-3.341-22.427-9.289s-9.29-14.016-9.29-22.426c0-82.018 32.58-160.674 90.574-218.667z",
        "M516.233 127.434c-89.773 0-162.549 72.775-162.549 162.548s72.776 162.549 162.549 162.549c89.775 0 162.547-72.776 162.547-162.549s-72.772-162.548-162.547-162.548zM290.25 289.982c0-124.806 101.176-225.982 225.983-225.982 124.804 0 225.984 101.176 225.984 225.982s-101.18 225.981-225.984 225.981c-124.807 0-225.983-101.175-225.983-225.981z",
        "M821.551 619.085c17.515 0 31.714 14.199 31.714 31.714v222.020c0 17.515-14.199 31.714-31.714 31.714-17.519 0-31.718-14.199-31.718-31.714v-222.020c0-17.515 14.199-31.714 31.718-31.714z",
        "M678.835 761.801c0-17.519 14.199-31.718 31.714-31.718h222.020c17.515 0 31.714 14.199 31.714 31.718 0 17.515-14.199 31.718-31.714 31.718h-222.020c-17.515 0-31.714-14.204-31.714-31.718z"
      ],
      "grid": 0,
      "tags": [
        "a-add"
      ],
      "defaultCode": 59689
    },
    {
      "paths": [
        "M454.75 848c0-85.734 32.367-163.746 85.235-223.104-9.745-0.282-19.153-0.896-29.235-0.896-178.751 0-310.184 44.518-382.872 77.393-39.928 18.086-65.128 57.958-65.128 101.807v156.8h411.546c-12.433-35.055-19.546-72.687-19.546-112z",
        "M510.75 512c123.712 0 224-100.288 224-224s-100.288-224-224-224c-123.712 0-224 100.288-224 224s100.288 224 224 224z",
        "M678.758 960.009c-14.336 0-28.672-5.487-39.59-16.41l-112-112 79.181-79.181 72.41 72.405 184.41-184.405 79.185 79.181-224 224c-10.923 10.923-25.259 16.41-39.595 16.41z"
      ],
      "grid": 0,
      "tags": [
        "a-check-fill"
      ],
      "defaultCode": 59690
    },
    {
      "paths": [
        "M539.733 619.085c54.31-0.064 107.674 14.242 154.675 41.455 15.155 8.781 20.331 28.186 11.55 43.341-8.777 15.159-28.181 20.331-43.341 11.554-37.321-21.611-79.697-32.969-122.829-32.917h-166.55c-65.192 0-127.713 25.899-173.811 71.996-38.557 38.558-62.982 88.602-69.941 142.093h354.762c17.515 0 31.714 14.199 31.714 31.718 0 17.515-14.199 31.714-31.714 31.714h-388.533c-8.412 0-16.479-3.341-22.427-9.289s-9.29-14.016-9.29-22.426c0-82.018 32.58-160.674 90.574-218.667s136.649-90.573 218.665-90.573h166.494z",
        "M456.482 127.434c-89.773 0-162.548 72.775-162.548 162.548s72.776 162.549 162.548 162.549c89.775 0 162.547-72.776 162.547-162.549s-72.772-162.548-162.547-162.548zM230.5 289.982c0-124.806 101.176-225.982 225.982-225.982 124.809 0 225.984 101.176 225.984 225.982s-101.175 225.981-225.984 225.981c-124.806 0-225.982-101.175-225.982-225.981z",
        "M950.669 683.874c12.386 12.386 12.386 32.465 0 44.851l-222.016 222.020c-12.386 12.386-32.469 12.386-44.855 0l-111.006-111.010c-12.386-12.386-12.386-32.469 0-44.855s32.465-12.386 44.851 0l88.585 88.585 199.59-199.59c12.386-12.386 32.465-12.386 44.851 0z"
      ],
      "grid": 0,
      "tags": [
        "a-check"
      ],
      "defaultCode": 59691
    },
    {
      "paths": [
        "M512 512c123.712 0 224-100.288 224-224s-100.288-224-224-224c-123.712 0-224 100.288-224 224s100.288 224 224 224z",
        "M456 801.574l171.025-171.021c-35.84-3.977-74.035-6.554-115.025-6.554-178.752 0-310.184 44.518-382.872 77.393-39.928 18.086-65.128 57.958-65.128 101.807v156.8h392v-158.426z",
        "M680 960h-112v-112l280-280 112 112-280 280z"
      ],
      "grid": 0,
      "tags": [
        "a-edit-fill"
      ],
      "defaultCode": 59692
    },
    {
      "paths": [
        "M154.574 709.658c57.993-57.993 136.649-90.573 218.665-90.573h166.511c17.519 0 31.718 14.199 31.718 31.714 0 17.519-14.199 31.718-31.718 31.718h-166.511c-65.192 0-127.713 25.899-173.811 71.996-38.557 38.554-62.982 88.602-69.941 142.093h299.257c17.515 0 31.714 14.199 31.714 31.714 0 17.519-14.199 31.718-31.714 31.718h-333.028c-8.412 0-16.479-3.341-22.427-9.289s-9.29-14.016-9.29-22.43c0-82.014 32.58-160.67 90.574-218.662z",
        "M456.482 127.433c-89.773 0-162.548 72.776-162.548 162.549s72.776 162.549 162.548 162.549c89.775 0 162.547-72.776 162.547-162.549s-72.772-162.549-162.547-162.549zM230.5 289.982c0-124.807 101.176-225.982 225.982-225.982 124.809 0 225.984 101.175 225.984 225.982s-101.175 225.981-225.984 225.981c-124.806 0-225.982-101.175-225.982-225.981z",
        "M794.812 517.291c12.386-12.386 32.469-12.386 44.855 0l111.010 111.006c12.386 12.386 12.386 32.469 0 44.855l-249.771 249.771c-4.429 4.429-10.069 7.445-16.209 8.674l-138.761 27.75c-10.398 2.082-21.15-1.173-28.646-8.674-7.501-7.497-10.752-18.249-8.674-28.646l27.75-138.761c1.229-6.14 4.25-11.78 8.674-16.205l249.771-249.771zM596.689 805.124l-16.542 82.692 82.697-16.538 220.548-220.553-66.155-66.155-220.548 220.553z"
      ],
      "grid": 0,
      "tags": [
        "a-edit"
      ],
      "defaultCode": 59693
    },
    {
      "paths": [
        "M512 512c123.712 0 224-100.288 224-224s-100.288-224-224-224c-123.712 0-224 100.288-224 224s100.288 224 224 224z",
        "M469.047 853.726c-44.52-43.964-69.047-102.592-69.047-165.035 0-20.382 3.528-40.038 8.568-59.191-126.28 12.655-221.648 45.751-279.496 71.906-39.872 18.086-65.072 57.958-65.072 101.807v156.8h512.623l-107.575-106.287z",
        "M924.215 603.332c-54.49-53.815-145.434-45.022-188.215 18.65-42.842-63.727-133.786-72.41-188.215-18.65-47.714 47.151-47.714 123.593 0 170.688l188.215 185.975 188.215-185.975c47.714-47.095 47.714-123.537 0-170.688z"
      ],
      "grid": 0,
      "tags": [
        "a-heart-fill"
      ],
      "defaultCode": 59694
    },
    {
      "paths": [
        "M154.576 709.658c57.995-57.993 136.652-90.573 218.669-90.573 17.516 0 31.717 14.199 31.717 31.714 0 17.519-14.2 31.718-31.717 31.718-65.194 0-127.717 25.899-173.815 71.996-38.558 38.558-62.983 88.602-69.942 142.093h410.276c17.515 0 31.714 14.199 31.714 31.718 0 17.515-14.199 31.714-31.714 31.714h-444.047c-8.412 0-16.479-3.341-22.427-9.289s-9.289-14.016-9.289-22.426c0-82.018 32.581-160.674 90.576-218.667z",
        "M456.486 127.434c-89.776 0-162.553 72.776-162.553 162.548s72.777 162.549 162.553 162.549c89.775 0 162.551-72.777 162.551-162.549s-72.777-162.548-162.551-162.548zM230.5 289.982c0-124.807 101.178-225.982 225.987-225.982s225.988 101.175 225.988 225.982c0 124.807-101.18 225.981-225.988 225.981s-225.987-101.174-225.987-225.981z",
        "M554.778 516.395c21.35-7.279 44.045-9.775 66.47-7.305s44.036 9.839 63.296 21.589c7.71 4.706 14.967 10.069 21.7 16.013 6.733-5.943 13.99-11.307 21.7-16.013 19.26-11.75 40.87-19.119 63.296-21.589s45.12 0.026 66.47 7.305c21.355 7.283 40.849 19.17 57.092 34.825l0.273 0.26c14.217 14.025 25.506 30.737 33.212 49.165 7.706 18.423 11.674 38.199 11.674 58.172s-3.968 39.744-11.674 58.167c-7.701 18.419-18.987 35.123-33.195 49.143-0.009 0.009 0.009-0.004 0 0l-186.534 184.7c-12.356 12.237-32.265 12.237-44.625 0.004l-186.509-184.619c-0.009-0.009 0.009 0.009 0 0-14.217-14.025-25.536-30.754-33.242-49.178-7.714-18.432-11.682-38.212-11.682-58.193s3.968-39.761 11.682-58.193c7.714-18.432 19.012-35.149 33.242-49.178l0.256-0.252c16.247-15.654 35.742-27.541 57.097-34.825zM614.31 572.143c-13.18-1.451-26.517 0.017-39.066 4.292-12.489 4.258-23.898 11.2-33.417 20.339-8.183 8.098-14.682 17.737-19.127 28.356-4.467 10.679-6.767 22.135-6.767 33.711s2.3 23.031 6.767 33.711c4.467 10.675 11.012 20.361 19.255 28.484l0.047 0.047 164.237 162.573 164.241-162.624c8.239-8.128 14.818-17.847 19.285-28.523 4.463-10.671 6.763-22.127 6.763-33.694 0-11.571-2.3-23.027-6.763-33.698-4.442-10.615-10.935-20.25-19.11-28.348-9.519-9.135-20.924-16.077-33.412-20.335-12.548-4.275-25.886-5.743-39.066-4.292-13.175 1.451-25.873 5.781-37.193 12.689-11.315 6.903-20.975 16.213-28.292 27.268-5.875 8.875-15.808 14.212-26.449 14.212s-20.574-5.338-26.449-14.212c-7.317-11.055-16.977-20.365-28.292-27.268-11.319-6.908-24.017-11.238-37.193-12.689z"
      ],
      "grid": 0,
      "tags": [
        "a-heart"
      ],
      "defaultCode": 59695
    },
    {
      "paths": [
        "M512 512c123.712 0 224-100.288 224-224s-100.288-224-224-224c-123.712 0-224 100.288-224 224s100.288 224 224 224z",
        "M960 736h-336v112h336v-112z",
        "M512 792c0-62.554 21.222-119.671 55.889-166.319-18.202-0.951-36.625-1.681-55.889-1.681-178.752 0-310.184 44.518-382.872 77.393-39.928 18.086-65.128 57.958-65.128 101.807v156.8h505.289c-35.447-46.929-57.289-104.666-57.289-168z"
      ],
      "grid": 0,
      "tags": [
        "a-remove-fill"
      ],
      "defaultCode": 59696
    },
    {
      "paths": [
        "M214.324 709.658c57.993-57.993 136.65-90.573 218.666-90.573h166.511c17.519 0 31.718 14.199 31.718 31.714 0 17.519-14.199 31.718-31.718 31.718h-166.511c-65.193 0-127.714 25.899-173.812 71.996-38.557 38.554-62.982 88.602-69.941 142.093h465.769c17.519 0 31.718 14.199 31.718 31.718 0 17.515-14.199 31.714-31.718 31.714h-499.539c-8.412 0-16.479-3.341-22.427-9.289s-9.29-14.016-9.29-22.426c0-82.018 32.58-160.674 90.574-218.667z",
        "M516.233 127.434c-89.773 0-162.549 72.775-162.549 162.548s72.776 162.549 162.549 162.549c89.775 0 162.547-72.776 162.547-162.549s-72.772-162.548-162.547-162.548zM290.25 289.982c0-124.806 101.176-225.982 225.983-225.982 124.804 0 225.984 101.176 225.984 225.982s-101.18 225.981-225.984 225.981c-124.807 0-225.983-101.175-225.983-225.981z",
        "M678.835 761.801c0-17.519 14.199-31.718 31.714-31.718h222.020c17.515 0 31.714 14.199 31.714 31.718 0 17.515-14.199 31.718-31.714 31.718h-222.020c-17.515 0-31.714-14.204-31.714-31.718z"
      ],
      "grid": 0,
      "tags": [
        "a-remove"
      ],
      "defaultCode": 59697
    },
    {
      "paths": [
        "M512 64c-246.4 0-448 201.6-448 448s201.6 448 448 448c246.4 0 448-201.6 448-448s-201.6-448-448-448zM719.59 439.59l-224 224c-10.918 10.923-25.254 16.41-39.59 16.41s-28.672-5.487-39.592-16.41l-112-112c-21.896-21.892-21.896-57.289 0-79.181 21.896-21.897 57.288-21.897 79.184 0l72.408 72.405 184.41-184.407c21.892-21.896 57.289-21.896 79.181 0 21.897 21.896 21.897 57.288 0 79.183z"
      ],
      "grid": 0,
      "tags": [
        "c-check-fill"
      ],
      "defaultCode": 59698
    },
    {
      "paths": [
        "M512 127.434c-212.39 0-384.566 172.176-384.566 384.566s172.176 384.567 384.566 384.567c212.39 0 384.567-172.177 384.567-384.567s-172.177-384.566-384.567-384.566zM64 512c0-247.424 200.576-448 448-448s448 200.576 448 448c0 247.424-200.576 448-448 448s-448-200.576-448-448z",
        "M756.429 323.040c12.386 12.386 12.386 32.468 0 44.855l-277.525 277.52c-12.386 12.386-32.465 12.386-44.851 0l-138.763-138.761c-12.386-12.386-12.386-32.465 0-44.851s32.468-12.386 44.854 0l116.334 116.331 255.095-255.094c12.386-12.386 32.469-12.386 44.855 0z"
      ],
      "grid": 0,
      "tags": [
        "c-check"
      ],
      "defaultCode": 59699
    },
    {
      "paths": [
        "M512 64c-246.4 0-448 201.6-448 448s201.6 448 448 448c246.4 0 448-201.6 448-448s-201.6-448-448-448zM741.602 752.802c-22.4-39.202-67.204-56-117.602-72.802-39.198-11.2-50.398-33.6-56-67.2 61.602-22.4 112-83.998 112-156.8 0-95.2-72.802-168-168-168-95.2 0-168 72.8-168 168 0 72.802 44.8 134.4 112 156.8-5.602 33.6-16.802 56-56 67.2-50.4 16.802-95.2 33.6-117.6 72.802-67.2-61.602-106.4-145.604-106.4-240.802 0-184.8 151.2-336 336-336 184.802 0 336 151.2 336 336 0 95.198-39.198 179.2-106.398 240.802z"
      ],
      "grid": 0,
      "tags": [
        "circle-09-fill"
      ],
      "defaultCode": 59700
    },
    {
      "paths": [
        "M511.983 293.934c-89.774 0-162.549 72.776-162.549 162.548 0 89.775 72.776 162.547 162.549 162.547 89.771 0 162.547-72.772 162.547-162.547 0-89.773-72.777-162.548-162.547-162.548zM286 456.482c0-124.806 101.176-225.982 225.983-225.982 124.804 0 225.98 101.176 225.98 225.982 0 124.809-101.175 225.984-225.98 225.984-124.807 0-225.983-101.175-225.983-225.984z",
        "M429.67 600.35c17.51 0.525 31.275 15.147 30.746 32.657-0.87 29.030-10.795 57.062-28.382 80.179-17.086 22.451-40.571 39.172-67.333 47.983l-123.854 59.439c-0.474 0.226-0.954 0.444-1.439 0.649-3.744 1.57-7.356 3.443-10.8 5.594-14.857 9.28-34.423 4.762-43.703-10.095s-4.76-34.423 10.096-43.703c6.089-3.806 12.463-7.13 19.065-9.95l125.163-60.070c1.405-0.674 2.859-1.246 4.349-1.707 15.115-4.676 28.391-13.961 37.972-26.551s14.988-27.861 15.464-43.678c0.527-17.51 15.148-31.275 32.657-30.746z",
        "M595.383 600.333c17.515 0 31.718 14.199 31.718 31.718 0 16.478 4.8 28.139 13.261 38.345 9.173 11.063 23.667 21.594 45.056 32.896l124.51 59.81c6.601 2.82 12.971 6.148 19.059 9.95 14.857 9.28 19.375 28.847 10.095 43.703s-28.847 19.375-43.703 10.095c-3.443-2.15-7.053-4.023-10.799-5.594-0.486-0.205-0.973-0.422-1.451-0.653l-125.717-60.39c-0.35-0.166-0.695-0.341-1.041-0.525-24.512-12.902-47.744-28.186-64.841-48.802-17.873-21.555-27.866-47.526-27.866-78.835 0-17.519 14.204-31.718 31.718-31.718z",
        "M512 127.434c-212.39 0-384.566 172.176-384.566 384.566s172.176 384.567 384.566 384.567c212.39 0 384.567-172.177 384.567-384.567s-172.177-384.566-384.567-384.566zM64 512c0-247.424 200.576-448 448-448s448 200.576 448 448c0 247.424-200.576 448-448 448s-448-200.576-448-448z"
      ],
      "grid": 0,
      "tags": [
        "circle-09"
      ],
      "defaultCode": 59701
    },
    {
      "paths": [
        "M896 640c-16.973 0-33.254 6.741-45.257 18.743s-18.743 28.284-18.743 45.257v128h-640v-128c0-16.973-6.743-33.254-18.745-45.257s-28.281-18.743-45.255-18.743c-16.974 0-33.253 6.741-45.255 18.743s-18.745 28.284-18.745 45.257v128c0 33.946 13.486 66.505 37.49 90.509s56.562 37.491 90.51 37.491h640c33.946 0 66.505-13.487 90.509-37.491s37.491-56.563 37.491-90.509v-128c0-16.973-6.741-33.254-18.743-45.257s-28.284-18.743-45.257-18.743z",
        "M466.714 685.248c12.002 11.998 28.279 18.739 45.248 18.739 16.973 0 33.25-6.741 45.248-18.739l256-256c6.114-5.904 10.991-12.966 14.345-20.774s5.12-16.207 5.193-24.704c0.077-8.498-1.545-16.925-4.762-24.791s-7.97-15.011-13.982-21.020c-6.007-6.009-13.154-10.761-21.018-13.979-7.868-3.218-16.294-4.838-24.794-4.764-8.495 0.074-16.896 1.839-24.704 5.194s-14.869 8.23-20.774 14.342l-146.752 146.752v-357.504c0-16.974-6.741-33.253-18.743-45.255s-28.279-18.745-45.257-18.745c-16.973 0-33.25 6.743-45.252 18.745s-18.748 28.281-18.748 45.255v357.504l-146.75-146.752c-12.071-11.658-28.237-18.109-45.018-17.963s-32.832 6.877-44.698 18.743c-11.866 11.866-18.597 27.918-18.743 44.699s6.305 32.947 17.964 45.018l255.998 256z"
      ],
      "grid": 0,
      "tags": [
        "data-download-fill"
      ],
      "defaultCode": 59702
    },
    {
      "paths": [
        "M397.014 95.717c0-17.517 14.2-31.717 31.718-31.717h166.511c17.519 0 31.718 14.2 31.718 31.717v301.31h134.797c12.523 0 23.876 7.372 28.971 18.813 5.099 11.441 2.982 24.813-5.397 34.123l-249.771 277.521c-6.012 6.682-14.583 10.5-23.573 10.5s-17.562-3.819-23.573-10.5l-249.772-277.521c-8.379-9.31-10.494-22.682-5.398-34.123s16.448-18.813 28.973-18.813h134.796v-301.31zM460.446 127.434v301.311c0 17.515-14.199 31.714-31.714 31.714h-95.299l178.554 198.396 178.556-198.396h-95.3c-17.515 0-31.714-14.199-31.714-31.714v-301.311h-103.083z",
        "M95.717 619.085c17.517 0 31.717 14.199 31.717 31.714v194.266c0 13.67 5.43 26.778 15.095 36.446 9.666 9.664 22.775 15.095 36.444 15.095h666.053c13.67 0 26.778-5.431 36.446-15.095 9.664-9.668 15.095-22.775 15.095-36.446v-194.266c0-17.515 14.199-31.714 31.714-31.714 17.519 0 31.718 14.199 31.718 31.714v194.266c0 30.494-12.113 59.738-33.677 81.301-21.559 21.559-50.803 33.673-81.297 33.673h-666.053c-30.493 0-59.737-12.113-81.298-33.673-21.562-21.564-33.675-50.807-33.675-81.301v-194.266c0-17.515 14.2-31.714 31.717-31.714z"
      ],
      "grid": 0,
      "tags": [
        "data-download"
      ],
      "defaultCode": 59703
    },
    {
      "paths": [
        "M896 640c-16.973 0-33.254 6.741-45.257 18.743s-18.743 28.284-18.743 45.257v128h-640v-128c0-16.973-6.743-33.254-18.745-45.257s-28.281-18.743-45.255-18.743c-16.974 0-33.253 6.741-45.255 18.743s-18.745 28.284-18.745 45.257v128c0 33.946 13.486 66.505 37.49 90.509s56.562 37.491 90.51 37.491h640c33.946 0 66.505-13.487 90.509-37.491s37.491-56.563 37.491-90.509v-128c0-16.973-6.741-33.254-18.743-45.257s-28.284-18.743-45.257-18.743z",
        "M301.212 429.235l146.75-146.753v357.505c0 16.973 6.746 33.25 18.748 45.252s28.279 18.748 45.252 18.748c16.977 0 33.254-6.746 45.257-18.748s18.743-28.279 18.743-45.252v-357.505l146.752 146.753c12.070 11.657 28.241 18.108 45.018 17.963 16.781-0.145 32.836-6.878 44.702-18.743s18.594-27.918 18.743-44.698c0.145-16.78-6.306-32.947-17.967-45.018l-256-256c-11.998-11.998-28.275-18.738-45.248-18.738-16.969 0-33.246 6.74-45.248 18.738l-255.998 256c-11.658 12.070-18.109 28.237-17.964 45.018s6.877 32.832 18.743 44.698c11.866 11.866 27.918 18.598 44.698 18.743s32.947-6.306 45.018-17.963z"
      ],
      "grid": 0,
      "tags": [
        "data-upload-fill"
      ],
      "defaultCode": 59704
    },
    {
      "paths": [
        "M511.987 64c8.99 0 17.562 3.816 23.573 10.499l249.771 277.522c8.38 9.31 10.496 22.679 5.397 34.121-5.094 11.442-16.448 18.813-28.971 18.813h-134.797v301.31c0 17.515-14.199 31.718-31.718 31.718h-166.511c-17.518 0-31.718-14.204-31.718-31.718v-301.31h-134.796c-12.525 0-23.878-7.371-28.973-18.813s-2.981-24.811 5.398-34.121l249.772-277.522c6.012-6.683 14.583-10.499 23.573-10.499zM333.433 341.522h95.299c17.515 0 31.714 14.2 31.714 31.717v301.308h103.083v-301.308c0-17.517 14.199-31.717 31.714-31.717h95.3l-178.556-198.394-178.554 198.394z",
        "M95.717 619.085c17.517 0 31.717 14.199 31.717 31.714v194.266c0 13.67 5.43 26.778 15.095 36.446 9.666 9.664 22.775 15.095 36.444 15.095h666.053c13.67 0 26.778-5.431 36.446-15.095 9.664-9.668 15.095-22.775 15.095-36.446v-194.266c0-17.515 14.199-31.714 31.714-31.714 17.519 0 31.718 14.199 31.718 31.714v194.266c0 30.494-12.113 59.738-33.677 81.301-21.559 21.559-50.803 33.673-81.297 33.673h-666.053c-30.493 0-59.737-12.113-81.298-33.673-21.562-21.564-33.675-50.807-33.675-81.301v-194.266c0-17.515 14.2-31.714 31.717-31.714z"
      ],
      "grid": 0,
      "tags": [
        "data-upload"
      ],
      "defaultCode": 59705
    },
    {
      "paths": [
        "M848 64h-672c-33.6 0-56 22.4-56 56v784c0 33.6 22.4 56 56 56h672c33.6 0 56-22.4 56-56v-784c0-33.6-22.4-56-56-56zM512 792h-224v-112h224v112zM736 568h-448v-112h448v112zM736 344h-448v-112h448v112z"
      ],
      "grid": 0,
      "tags": [
        "document-fill"
      ],
      "defaultCode": 59706
    },
    {
      "paths": [
        "M119.5 95.717c0-17.517 14.2-31.717 31.717-31.717h721.556c17.519 0 31.718 14.2 31.718 31.717v832.565c0 17.519-14.199 31.718-31.718 31.718h-721.556c-17.516 0-31.717-14.199-31.717-31.718v-832.565zM182.934 127.434v769.134h658.124v-769.134h-658.124z",
        "M286 262.217c0-17.517 14.2-31.717 31.717-31.717h388.532c17.515 0 31.714 14.2 31.714 31.717s-14.199 31.717-31.714 31.717h-388.532c-17.517 0-31.717-14.2-31.717-31.717z",
        "M286 428.719c0-17.519 14.2-31.719 31.717-31.719h388.532c17.515 0 31.714 14.2 31.714 31.719 0 17.515-14.199 31.714-31.714 31.714h-388.532c-17.517 0-31.717-14.199-31.717-31.714z",
        "M286 595.217c0-17.519 14.2-31.718 31.717-31.718h388.532c17.515 0 31.714 14.199 31.714 31.718 0 17.515-14.199 31.718-31.714 31.718h-388.532c-17.517 0-31.717-14.204-31.717-31.718z",
        "M286 761.801c0-17.519 14.2-31.718 31.717-31.718h166.511c17.519 0 31.718 14.199 31.718 31.718 0 17.515-14.199 31.718-31.718 31.718h-166.511c-17.517 0-31.717-14.204-31.717-31.718z"
      ],
      "grid": 0,
      "tags": [
        "document"
      ],
      "defaultCode": 59707
    },
    {
      "paths": [
        "M932.002 64h-279.991c-5.542-0.010-10.965 1.627-15.582 4.703-4.612 3.076-8.209 7.453-10.33 12.576-2.125 5.122-2.679 10.76-1.596 16.198s3.759 10.432 7.684 14.348l100.407 100.352-316.166 316.233c-5.348 5.163-9.615 11.345-12.549 18.176s-4.48 14.182-4.544 21.615c-0.064 7.437 1.353 14.81 4.168 21.692s6.973 13.137 12.231 18.394c5.258 5.257 11.512 9.417 18.39 12.233 6.882 2.816 14.259 4.233 21.692 4.169 7.437-0.064 14.784-1.609 21.615-4.544 6.835-2.935 13.013-7.202 18.18-12.553l316.22-316.175 100.348 100.408c2.607 2.598 5.696 4.658 9.097 6.061 3.405 1.403 7.049 2.121 10.726 2.115 3.669-0.018 7.3-0.741 10.697-2.128 5.12-2.117 9.498-5.705 12.578-10.31s4.723-10.021 4.723-15.562v-280c0-7.426-2.948-14.548-8.201-19.799-5.248-5.251-12.369-8.201-19.797-8.201z",
        "M791.974 568c-14.852 0-29.094 5.901-39.595 16.401-10.505 10.505-16.405 24.747-16.405 39.599v224h-559.978v-560h223.992c14.852 0 29.094-5.9 39.598-16.402 10.5-10.502 16.401-24.746 16.401-39.598s-5.901-29.096-16.401-39.598c-10.505-10.502-24.746-16.402-39.598-16.402h-223.992c-29.703 0-58.19 11.8-79.193 32.804s-32.803 49.492-32.803 79.196v560c0 29.705 11.799 58.193 32.803 79.198 21.003 21.001 49.49 32.802 79.193 32.802h559.978c29.705 0 58.193-11.802 79.194-32.802 21.005-21.005 32.802-49.493 32.802-79.198v-224c0-14.852-5.897-29.094-16.401-39.599-10.5-10.5-24.742-16.401-39.595-16.401z"
      ],
      "grid": 0,
      "tags": [
        "export-fill"
      ],
      "defaultCode": 59708
    },
    {
      "paths": [
        "M950.677 73.29c12.386 12.386 12.386 32.468 0 44.854l-444.032 444.036c-12.386 12.386-32.469 12.386-44.855 0s-12.386-32.469 0-44.855l444.036-444.035c12.386-12.387 32.465-12.387 44.851 0z",
        "M507.998 95.717c0-17.517 14.204-31.717 31.718-31.717h388.531c17.519 0 31.718 14.2 31.718 31.717v388.533c0 17.515-14.199 31.714-31.718 31.714-17.515 0-31.718-14.199-31.718-31.714v-356.816h-356.813c-17.515 0-31.718-14.2-31.718-31.717z",
        "M178.973 293.934c-13.669 0-26.778 5.43-36.444 15.095s-15.095 22.775-15.095 36.444v499.54c0 13.67 5.43 26.778 15.095 36.446 9.666 9.664 22.775 15.095 36.444 15.095h499.542c13.666 0 26.778-5.431 36.442-15.095 9.668-9.668 15.095-22.775 15.095-36.446v-249.771c0-17.515 14.199-31.714 31.718-31.714 17.515 0 31.714 14.199 31.714 31.714v249.771c0 30.494-12.113 59.738-33.673 81.297-21.564 21.564-50.807 33.677-81.297 33.677h-499.542c-30.493 0-59.737-12.113-81.298-33.677-21.562-21.559-33.675-50.803-33.675-81.297v-499.54c0-30.493 12.113-59.737 33.675-81.298s50.805-33.675 81.298-33.675h249.771c17.515 0 31.714 14.2 31.714 31.717s-14.199 31.717-31.714 31.717h-249.771z"
      ],
      "grid": 0,
      "tags": [
        "export"
      ],
      "defaultCode": 59709
    },
    {
      "paths": [
        "M943.181 304.815l-223.996-223.995c-4.928-5.472-10.987-9.807-17.754-12.708s-14.084-4.297-21.444-4.092h-56v167.997c0 14.851-5.901 29.095-16.401 39.597s-24.747 16.402-39.599 16.402h-279.992c-14.851 0-29.095-5.9-39.597-16.402s-16.402-24.745-16.402-39.597v-167.997h-55.999c-29.704 0-58.191 11.8-79.194 32.803s-32.803 49.491-32.803 79.194v671.987c0 29.7 11.8 58.189 32.803 79.194 21.004 21.001 49.49 32.802 79.194 32.802h671.985c29.705 0 58.189-11.802 79.194-32.802 21.005-21.005 32.802-49.493 32.802-79.194v-503.991c0.205-7.361-1.19-14.678-4.092-21.446-2.897-6.768-7.236-12.826-12.706-17.753zM791.983 736.004c0 14.852-5.901 29.094-16.401 39.599-10.5 10.5-24.747 16.401-39.595 16.401h-447.992c-14.851 0-29.095-5.901-39.597-16.401-10.502-10.505-16.402-24.747-16.402-39.599v-111.996c0-14.852 5.9-29.094 16.402-39.599 10.502-10.5 24.745-16.401 39.597-16.401h447.992c14.848 0 29.094 5.901 39.595 16.401 10.5 10.505 16.401 24.747 16.401 39.599v111.996z",
        "M567.996 64h-111.996v167.996h111.996v-167.996z"
      ],
      "grid": 0,
      "tags": [
        "floppy-disk-fill"
      ],
      "defaultCode": 59710
    },
    {
      "paths": [
        "M178.973 127.434c-13.669 0-26.778 5.43-36.444 15.095s-15.095 22.775-15.095 36.444v666.053c0 13.67 5.43 26.778 15.095 36.446 9.666 9.664 22.775 15.095 36.444 15.095h666.053c13.67 0 26.778-5.431 36.446-15.095 9.664-9.668 15.095-22.775 15.095-36.446v-514.154l-203.439-203.438h-514.155zM97.675 97.675c21.562-21.562 50.805-33.675 81.298-33.675h527.292c8.41 0 16.478 3.342 22.426 9.29l222.020 222.018c5.948 5.948 9.289 14.015 9.289 22.427v527.292c0 30.494-12.113 59.738-33.677 81.297-21.559 21.564-50.803 33.677-81.297 33.677h-666.053c-30.493 0-59.737-12.113-81.298-33.677-21.562-21.559-33.675-50.803-33.675-81.297v-666.053c0-30.493 12.113-59.737 33.675-81.298z",
        "M262.217 175c17.516 0 31.717 14.2 31.717 31.717v134.796h269.595v-134.796c0-17.517 14.199-31.717 31.714-31.717 17.519 0 31.718 14.2 31.718 31.717v166.513c0 17.517-14.199 31.717-31.718 31.717h-333.026c-17.517 0-31.717-14.2-31.717-31.717v-166.513c0-17.517 14.2-31.717 31.717-31.717z",
        "M230.5 595.217c0-17.519 14.2-31.718 31.717-31.718h499.541c17.515 0 31.714 14.199 31.714 31.718v222.016c0 17.519-14.199 31.718-31.714 31.718-17.519 0-31.718-14.199-31.718-31.718v-190.298h-436.106v190.298c0 17.519-14.2 31.718-31.717 31.718s-31.717-14.199-31.717-31.718v-222.016z"
      ],
      "grid": 0,
      "tags": [
        "floppy-disk"
      ],
      "defaultCode": 59711
    },
    {
      "paths": [
        "M881.617 377.583l-459.2 459.2c27.998 5.602 61.598 11.2 89.6 11.2 201.6 0 358.4-173.598 425.6-274.398 27.998-39.202 27.998-89.6 0-128.802-11.2-16.798-33.6-39.2-56-67.2z",
        "M864.802 80.8l-151.202 151.2c-61.602-33.6-128.798-56-201.6-56-201.6 0-358.4 173.6-425.6 274.402-28 39.198-28 89.596 0 123.2 28 44.8 78.4 100.8 134.4 151.198l-140 140.002c-22.4 22.4-22.4 55.996 0 78.396 11.2 11.2 22.4 16.802 39.2 16.802s28-5.602 39.2-16.802l783.998-783.998c22.404-22.4 22.404-56 0-78.4-22.4-22.4-55.996-22.4-78.396 0zM360.8 584.802c-11.2-22.4-16.8-44.804-16.8-72.802 0-95.2 72.8-168 168-168 27.998 0 50.402 5.6 72.802 16.8l-224.002 224.002z"
      ],
      "grid": 0,
      "tags": [
        "hide-fill"
      ],
      "defaultCode": 59712
    },
    {
      "paths": [
        "M904 64h-784c-33.6 0-56 22.4-56 56v784c0 33.6 22.4 56 56 56h784c33.6 0 56-22.4 56-56v-784c0-33.6-22.4-56-56-56zM400 288c33.6 0 56 22.4 56 56s-22.4 56-56 56c-33.6 0-56-22.4-56-56s22.4-56 56-56zM232 736l112-224 112 112 168-224 168 336h-560z"
      ],
      "grid": 0,
      "tags": [
        "image-fill"
      ],
      "defaultCode": 59713
    },
    {
      "paths": [
        "M151.221 127.434c-13.137 0-23.788 10.65-23.788 23.788v721.559c0 13.137 10.65 23.787 23.788 23.787h721.559c13.137 0 23.787-10.65 23.787-23.787v-721.559c0-13.137-10.65-23.788-23.787-23.788h-721.559zM64 151.221c0-48.171 39.050-87.221 87.221-87.221h721.559c48.171 0 87.219 39.050 87.219 87.221v721.559c0 48.171-39.049 87.219-87.219 87.219h-721.559c-48.171 0-87.221-39.049-87.221-87.219v-721.559z",
        "M596.126 341.512c10.291 0.286 19.802 5.547 25.51 14.112l222.020 333.025c6.485 9.732 7.091 22.246 1.574 32.559-5.521 10.317-16.269 16.751-27.964 16.751h-610.55c-10.993 0-21.201-5.692-26.98-15.040-5.779-9.353-6.304-21.026-1.388-30.861l111.009-222.016c4.559-9.118 13.225-15.488 23.288-17.122s20.299 1.668 27.508 8.879l85.15 85.15 144.57-192.762c6.178-8.235 15.966-12.96 26.253-12.675zM593.724 428.109l-139.614 186.155c-5.517 7.356-13.956 11.955-23.125 12.608-9.173 0.653-18.176-2.709-24.677-9.212l-79.893-79.889-68.379 136.755h499.968l-164.279-246.417z",
        "M401.004 345.509c30.654 0 55.503-24.85 55.503-55.504s-24.849-55.505-55.503-55.505c-30.654 0-55.504 24.85-55.504 55.505s24.85 55.504 55.504 55.504z"
      ],
      "grid": 0,
      "tags": [
        "image"
      ],
      "defaultCode": 59714
    },
    {
      "paths": [
        "M688.073 615.74c2.603 2.594 5.692 4.655 9.092 6.054 3.401 1.404 7.040 2.121 10.718 2.116 3.665-0.021 7.296-0.742 10.688-2.129 5.116-2.112 9.493-5.7 12.57-10.3 3.076-4.604 4.723-10.014 4.723-15.552v-279.785c0-7.42-2.948-14.537-8.196-19.784s-12.365-8.195-19.785-8.195h-279.795c-5.541-0.010-10.96 1.626-15.57 4.699s-8.204 7.447-10.326 12.565c-2.122 5.119-2.676 10.752-1.592 16.186s3.757 10.423 7.68 14.336l100.334 100.274-427.862 427.904c-5.345 5.163-9.608 11.337-12.541 18.163s-4.477 14.17-4.541 21.598c-0.065 7.433 1.351 14.801 4.165 21.679 2.814 6.874 6.969 13.124 12.223 18.377s11.502 9.408 18.379 12.224c6.877 2.812 14.246 4.228 21.676 4.164s14.773-1.609 21.6-4.54c6.827-2.935 13.002-7.198 18.164-12.54l427.917-427.849 100.279 100.331z",
        "M847.757 64.333h-559.589c-29.683 0-58.15 11.791-79.138 32.779s-32.78 49.454-32.78 79.135v279.787c0 14.839 5.896 29.073 16.39 39.565 10.494 10.496 24.728 16.393 39.569 16.393s29.075-5.897 39.569-16.393c10.494-10.492 16.39-24.725 16.39-39.565v-279.787h559.589v671.484h-391.71c-14.844 0-29.077 5.897-39.571 16.388-10.494 10.496-16.39 24.73-16.39 39.569s5.896 29.073 16.39 39.569c10.493 10.492 24.727 16.388 39.571 16.388h391.71c29.683 0 58.15-11.793 79.138-32.781 20.992-20.988 32.781-49.451 32.781-79.134v-671.484c0-29.681-11.789-58.147-32.781-79.135-20.988-20.988-49.455-32.779-79.138-32.779z"
      ],
      "grid": 0,
      "tags": [
        "import-fill"
      ],
      "defaultCode": 59715
    },
    {
      "paths": [
        "M568.017 726.818c0-33.826-14.839-66.027-41.331-87.027-40.486-32.145-110.714-71.791-210.677-71.791s-170.19 39.646-210.679 71.791c-26.489 21.001-41.329 53.201-41.329 87.027v65.182h504.017v-65.182z",
        "M316.005 512c77.322 0 140.004-62.682 140.004-140 0-77.32-62.682-140-140.004-140s-140.005 62.68-140.005 140c0 77.318 62.682 140 140.005 140z",
        "M708.006 512c77.321 0 140.002-62.682 140.002-140 0-77.32-62.682-140-140.002-140-77.325 0-140.006 62.68-140.006 140 0 77.318 62.682 140 140.006 140z",
        "M918.665 639.791c-40.491-32.145-110.716-71.791-210.679-71.791-31.42 0-59.533 4.198-85.069 10.586 36.066 40.32 57.067 92.233 57.067 148.233v65.182h280.009v-65.182c0-33.826-14.839-66.027-41.327-87.027z"
      ],
      "grid": 0,
      "tags": [
        "multiple-fill"
      ],
      "defaultCode": 59716
    },
    {
      "paths": [
        "M373.217 182.934c-74.438 0-134.785 60.349-134.785 134.796s60.347 134.797 134.785 134.797c74.437 0 134.785-60.349 134.785-134.797s-60.348-134.796-134.785-134.796zM175 317.73c0-109.478 88.743-198.23 198.217-198.23s198.217 88.752 198.217 198.23c0 109.478-88.742 198.229-198.217 198.229s-198.217-88.751-198.217-198.229z",
        "M761.801 238.434c-43.785 0-79.283 35.499-79.283 79.292s35.499 79.292 79.283 79.292c43.785 0 79.283-35.499 79.283-79.292s-35.499-79.292-79.283-79.292zM619.085 317.726c0-78.824 63.893-142.726 142.716-142.726s142.716 63.902 142.716 142.726c0 78.823-63.893 142.724-142.716 142.724s-142.716-63.901-142.716-142.724z",
        "M154.567 654.076c57.99-57.997 136.64-90.577 218.65-90.577s160.662 32.58 218.65 90.577c57.988 57.993 90.569 136.649 90.569 218.662 0 8.414-3.341 16.478-9.289 22.43-5.948 5.948-14.016 9.289-22.43 9.289h-555.002c-8.412 0-16.479-3.341-22.427-9.289-5.948-5.952-9.289-14.016-9.289-22.43 0-82.014 32.578-160.67 90.567-218.662zM373.218 626.935c-65.186 0-127.702 25.894-173.796 71.991-38.554 38.558-62.977 88.606-69.936 142.097h487.465c-6.959-53.491-31.386-103.539-69.939-142.097-46.093-46.097-108.608-71.991-173.795-71.991z",
        "M761.741 571.435c-26.487-0.043-52.399 7.765-74.453 22.438-14.579 9.707-34.27 5.751-43.972-8.832s-5.747-34.274 8.836-43.977c32.486-21.619 70.647-33.122 109.67-33.062 52.561 0.004 102.967 20.89 140.134 58.061 37.171 37.175 58.057 87.595 58.057 140.169v55.505c0 17.515-14.199 31.714-31.718 31.714h-166.498c-17.519 0-31.718-14.199-31.718-31.714 0-17.519 14.199-31.718 31.718-31.718h134.784v-23.787c0-35.75-14.204-70.037-39.479-95.317s-59.558-39.479-95.305-39.479h-0.055zM761.822 508.002c0.009 0 0.017 0 0.026 0l-0.051 31.714v-31.714c0.009 0 0.017 0 0.026 0z"
      ],
      "grid": 0,
      "tags": [
        "multiple"
      ],
      "defaultCode": 59717
    },
    {
      "paths": [
        "M512 456c108.25 0 196.002-87.752 196.002-196s-87.753-196-196.002-196c-108.248 0-196 87.752-196 196s87.752 196 196 196z",
        "M512 539.998c-103.928 0.119-203.567 41.459-277.055 114.948s-114.827 173.124-114.945 277.056c0 7.424 2.95 14.545 8.201 19.797s12.373 8.201 19.799 8.201h727.998c7.428 0 14.549-2.948 19.802-8.201s8.201-12.373 8.201-19.797c-0.119-103.932-41.455-203.567-114.944-277.056s-173.129-114.829-277.056-114.948z"
      ],
      "grid": 0,
      "tags": [
        "profile-fill"
      ],
      "defaultCode": 59718
    },
    {
      "paths": [
        "M511.979 127.434c-74.445 0-134.795 60.35-134.795 134.796s60.35 134.796 134.795 134.796c74.449 0 134.797-60.35 134.797-134.796s-60.348-134.796-134.797-134.796zM313.75 262.23c0-109.48 88.751-198.23 198.228-198.23 109.483 0 198.234 88.751 198.234 198.23s-88.751 198.228-198.234 198.228c-109.478 0-198.228-88.749-198.228-198.228z",
        "M234.459 650.709c73.607-73.609 173.44-114.961 277.536-114.961 104.098 0 203.93 41.353 277.538 114.961 73.604 73.609 114.957 173.44 114.957 277.538 0 8.41-3.341 16.478-9.289 22.426s-14.016 9.289-22.43 9.289h-721.556c-8.412 0-16.479-3.341-22.427-9.289s-9.29-14.016-9.29-22.426c0-104.098 41.352-203.93 114.959-277.538zM511.996 599.185c-87.273 0-170.971 34.667-232.682 96.38-54.19 54.191-87.528 125.333-94.849 200.964h655.062c-7.322-75.631-40.657-146.773-94.848-200.964-61.713-61.713-145.412-96.38-232.683-96.38z"
      ],
      "grid": 0,
      "tags": [
        "profile"
      ],
      "defaultCode": 59719
    },
    {
      "paths": [
        "M512 64c-88.606 0-175.222 26.275-248.895 75.502s-131.095 119.195-165.003 201.056c-33.908 81.862-42.78 171.937-25.494 258.841s59.954 166.733 122.608 229.385c62.654 62.656 142.48 105.323 229.383 122.607 86.906 17.289 176.983 8.414 258.844-25.493s151.829-91.328 201.054-165.001c49.229-73.673 75.503-160.29 75.503-248.896-0.354-118.708-47.667-232.453-131.61-316.392-83.938-83.94-197.683-131.253-316.39-131.608zM736 568h-224c-14.852 0-29.094-5.901-39.599-16.401-10.5-10.505-16.401-24.747-16.401-39.599v-224c0-14.852 5.901-29.096 16.401-39.598 10.505-10.502 24.747-16.402 39.599-16.402s29.094 5.9 39.599 16.402c10.5 10.502 16.401 24.746 16.401 39.598v168h168c14.852 0 29.094 5.901 39.599 16.401 10.5 10.505 16.401 24.747 16.401 39.599s-5.901 29.094-16.401 39.599c-10.505 10.5-24.747 16.401-39.599 16.401z"
      ],
      "grid": 0,
      "tags": [
        "time-fill"
      ],
      "defaultCode": 59720
    },
    {
      "paths": [
        "M512 127.434c-212.39 0-384.566 172.176-384.566 384.566s172.176 384.567 384.566 384.567c212.39 0 384.567-172.177 384.567-384.567s-172.177-384.566-384.567-384.566zM64 512c0-247.424 200.576-448 448-448s448 200.576 448 448c0 247.424-200.576 448-448 448s-448-200.576-448-448z",
        "M511.966 202.75c17.519 0 31.718 14.2 31.718 31.717v245.806h245.803c17.519 0 31.718 14.199 31.718 31.714 0 17.519-14.199 31.718-31.718 31.718h-277.521c-17.515 0-31.714-14.199-31.714-31.718v-277.52c0-17.517 14.199-31.717 31.714-31.717z"
      ],
      "grid": 0,
      "tags": [
        "time"
      ],
      "defaultCode": 59721
    },
    {
      "paths": [
        "M512 849.139c202.231 0 359.522-174.153 426.935-275.273 28.087-39.326 28.087-89.886 0-129.212-67.413-95.502-224.704-269.655-426.935-269.655s-359.523 174.153-426.934 275.274c-28.088 39.326-28.088 89.886 0 123.593 67.411 101.12 224.702 275.273 426.934 275.273zM512 343.535c95.497 0 168.525 73.032 168.525 168.533 0 95.505-73.028 168.538-168.525 168.538-95.499 0-168.527-73.033-168.527-168.538 0-95.502 73.028-168.533 168.527-168.533z"
      ],
      "grid": 0,
      "tags": [
        "view-fill"
      ],
      "defaultCode": 59722
    },
    {
      "paths": [
        "M624 848h-224c0 61.602 50.398 112 112 112 61.598 0 112-50.398 112-112z",
        "M904 680h-28.002c-39.198-39.198-83.998-95.198-83.998-168v-168c0-156.8-123.2-280-280-280s-280 123.2-280 280v168c0 72.802-44.8 128.802-84 168h-28c-33.6 0-56 22.4-56 56s22.4 56 56 56h784c33.6 0 56-22.4 56-56s-22.4-56-56-56z"
      ],
      "grid": 0,
      "tags": [
        "bell-fill"
      ],
      "defaultCode": 59673
    },
    {
      "paths": [
        "M400.967 785.583c17.517 0 31.716 14.199 31.716 31.718 0 43.814 35.477 79.292 79.292 79.292 43.819 0 79.292-35.477 79.292-79.292 0-17.519 14.204-31.718 31.718-31.718s31.718 14.199 31.718 31.718c0 78.848-63.876 142.724-142.729 142.724-78.848 0-142.724-63.876-142.724-142.724 0-17.519 14.2-31.718 31.717-31.718z",
        "M64 706.3c0-17.515 14.2-31.718 31.717-31.718h832.565c17.519 0 31.718 14.204 31.718 31.718 0 17.519-14.199 31.718-31.718 31.718h-832.565c-17.517 0-31.717-14.199-31.717-31.718z",
        "M230.509 345.487c0-155.445 126.042-281.487 281.487-281.487 155.443 0 281.485 126.042 281.485 281.487v249.769c0 16.832 10.974 36.241 33.587 53.052 22.298 16.572 50.483 26.24 73.459 26.24 17.515 0 31.718 14.204 31.718 31.718s-14.204 31.718-31.718 31.718h-27.755c-7.654 0-14.673-2.714-20.156-7.228-22.733-6.677-44.698-17.647-63.39-31.539-31.433-23.364-59.179-59.46-59.179-103.962v-249.769c0-120.412-97.643-218.053-218.052-218.053-120.412 0-218.053 97.641-218.053 218.053v249.769c0 78.852-63.877 142.729-142.726 142.729-17.516 0-31.717-14.204-31.717-31.718s14.2-31.718 31.717-31.718c43.816 0 79.292-35.473 79.292-79.292v-249.769z"
      ],
      "grid": 0,
      "tags": [
        "bell"
      ],
      "defaultCode": 59674
    },
    {
      "paths": [
        "M512 64c-246.4 0-448 201.6-448 448s201.6 448 448 448c246.4 0 448-201.6 448-448s-201.6-448-448-448zM690.193 611.008c10.918 10.918 10.918 28.672 0 39.59l-39.595 39.595c-10.918 10.918-28.672 10.918-39.59 0l-99.008-99.008-99.008 99.008c-10.92 10.918-28.672 10.918-39.592 0l-39.592-39.595c-10.92-10.918-10.92-28.672 0-39.59l99.007-99.008-99.007-99.008c-10.92-10.92-10.92-28.672 0-39.592l39.592-39.592c10.92-10.92 28.672-10.92 39.592 0l99.008 99.007 99.008-99.007c10.918-10.92 28.672-10.92 39.59 0l39.595 39.592c10.918 10.92 10.918 28.672 0 39.592l-99.008 99.008 99.008 99.008z"
      ],
      "grid": 0,
      "tags": [
        "c-remove-fill"
      ],
      "defaultCode": 59675
    },
    {
      "paths": [
        "M512 127.434c-212.39 0-384.566 172.176-384.566 384.566s172.176 384.567 384.566 384.567c212.39 0 384.567-172.177 384.567-384.567s-172.177-384.566-384.567-384.566zM64 512c0-247.424 200.576-448 448-448s448 200.576 448 448c0 247.424-200.576 448-448 448s-448-200.576-448-448z",
        "M700.941 323.060c12.386 12.386 12.386 32.468 0 44.854l-333.027 333.027c-12.386 12.386-32.468 12.386-44.854 0s-12.386-32.469 0-44.855l333.026-333.026c12.386-12.386 32.469-12.386 44.855 0z",
        "M323.060 323.060c12.386-12.386 32.468-12.386 44.854 0l333.027 333.026c12.386 12.386 12.386 32.469 0 44.855s-32.469 12.386-44.855 0l-333.026-333.027c-12.386-12.386-12.386-32.468 0-44.854z"
      ],
      "grid": 0,
      "tags": [
        "c-remove"
      ],
      "defaultCode": 59676
    },
    {
      "paths": [
        "M64 368.989c0-17.517 14.2-31.717 31.717-31.717h832.565c17.519 0 31.718 14.2 31.718 31.717s-14.199 31.717-31.718 31.717h-832.565c-17.517 0-31.717-14.2-31.717-31.717z",
        "M97.675 204.434c21.562-21.562 50.805-33.675 81.298-33.675h666.053c30.494 0 59.738 12.113 81.297 33.675 21.564 21.562 33.677 50.805 33.677 81.298v499.539c0 30.494-12.113 59.738-33.677 81.297-21.559 21.564-50.803 33.677-81.297 33.677h-666.053c-30.493 0-59.737-12.113-81.298-33.677-21.562-21.559-33.675-50.803-33.675-81.297v-499.539c0-30.493 12.113-59.737 33.675-81.298zM178.973 234.193c-13.669 0-26.778 5.43-36.444 15.095s-15.095 22.775-15.095 36.444v499.539c0 13.67 5.43 26.778 15.095 36.446 9.666 9.664 22.775 15.095 36.444 15.095h666.053c13.67 0 26.778-5.431 36.446-15.095 9.664-9.668 15.095-22.775 15.095-36.446v-499.539c0-13.669-5.431-26.778-15.095-36.444-9.668-9.666-22.775-15.095-36.446-15.095h-666.053z",
        "M317.734 59.75c17.517 0 31.717 14.2 31.717 31.717v111.009c0 17.517-14.2 31.717-31.717 31.717s-31.717-14.2-31.717-31.717v-111.009c0-17.516 14.2-31.717 31.717-31.717z",
        "M706.266 59.75c17.515 0 31.718 14.2 31.718 31.717v111.009c0 17.517-14.204 31.717-31.718 31.717-17.519 0-31.718-14.2-31.718-31.717v-111.009c0-17.516 14.199-31.717 31.718-31.717z"
      ],
      "grid": 0,
      "tags": [
        "calendar"
      ],
      "defaultCode": 59677
    },
    {
      "paths": [
        "M918.805 215.113c12.258 12.261 12.258 32.14 0 44.401l-549.435 549.434c-12.261 12.262-32.14 12.262-44.401 0l-219.773-219.772c-12.261-12.262-12.261-32.141 0-44.403s32.14-12.262 44.401 0l197.573 197.572 527.232-527.232c12.262-12.261 32.141-12.261 44.403 0z"
      ],
      "grid": 0,
      "tags": [
        "check"
      ],
      "defaultCode": 59678
    },
    {
      "paths": [
        "M778.15 297.749c12.109 12.11 12.109 31.743 0 43.852l-352.72 352.722c-12.11 12.109-31.743 12.109-43.853 0l-135.662-135.663c-12.109-12.109-12.109-31.744 0-43.853s31.743-12.109 43.853 0l113.736 113.737 330.794-330.795c12.109-12.11 31.744-12.11 43.853 0z"
      ],
      "grid": 0,
      "tags": [
        "d-check"
      ],
      "defaultCode": 59679
    },
    {
      "paths": [
        "M128 511.949c0-17.139 13.893-31.031 31.030-31.031h705.938c17.139 0 31.031 13.892 31.031 31.031 0 17.135-13.892 31.027-31.031 31.027h-705.938c-17.137 0-31.030-13.892-31.030-31.027z"
      ],
      "grid": 0,
      "tags": [
        "e-delete"
      ],
      "defaultCode": 59680
    },
    {
      "paths": [
        "M842.628 181.373c12.497 12.497 12.497 32.758 0 45.255l-616.001 616.001c-12.497 12.497-32.758 12.497-45.255 0s-12.497-32.759 0-45.257l615.999-615.999c12.497-12.497 32.759-12.497 45.257 0z",
        "M181.373 181.373c12.497-12.497 32.758-12.497 45.255 0l616.001 615.999c12.497 12.497 12.497 32.759 0 45.257s-32.759 12.497-45.257 0l-615.999-616.001c-12.497-12.497-12.497-32.758 0-45.255z"
      ],
      "grid": 0,
      "tags": [
        "e-remove"
      ],
      "defaultCode": 59681
    },
    {
      "paths": [
        "M911.561 443.904c-72.969-18.256-107.575-101.808-68.881-166.264 18.031-30.016 12.599-55.888-5.265-73.696l-17.357-17.36c-17.809-17.808-43.682-23.24-73.698-5.264-64.512 38.696-148.062 4.088-166.263-68.88-8.457-33.992-30.63-48.44-55.834-48.44h-24.525c-25.203 0-47.322 14.448-55.834 48.44-18.256 72.968-101.808 107.576-166.264 68.88-30.016-18.032-55.944-12.6-73.752 5.208l-17.36 17.36c-17.808 17.808-23.24 43.736-5.208 73.752 38.696 64.512 4.088 148.064-68.88 166.264-33.88 8.457-48.44 30.575-48.44 55.834v24.525c0 25.203 14.448 47.322 48.44 55.834 72.968 18.257 107.576 101.807 68.88 166.263-18.032 30.016-12.6 55.889 5.264 73.698l17.36 17.357c17.864 17.865 43.792 23.241 73.696 5.265 64.512-38.694 148.064-4.087 166.264 68.881 8.457 33.993 30.63 48.439 55.834 48.439h24.525c25.203 0 47.322-14.447 55.834-48.439 18.257-72.969 101.807-107.575 166.263-68.881 29.961 17.975 55.834 12.599 73.698-5.265l17.357-17.357c17.809-17.809 23.241-43.682 5.265-73.698-38.694-64.512-4.087-148.062 68.881-166.263 33.993-8.457 48.439-30.63 48.439-55.834v-24.525c0-25.259-14.558-47.377-48.439-55.834zM512 680c-92.792 0-168-75.209-168-168s75.208-168 168-168c92.791 0 168 75.208 168 168s-75.209 168-168 168z"
      ],
      "grid": 0,
      "tags": [
        "gear-fill"
      ],
      "defaultCode": 59682
    },
    {
      "paths": [
        "M511.825 404.934c-59.127 0-107.055 47.926-107.055 107.045s47.927 107.042 107.055 107.042c59.123 0 107.051-47.923 107.051-107.042s-47.927-107.045-107.051-107.045zM341.333 511.979c0-94.153 76.331-170.479 170.492-170.479 94.157 0 170.487 76.325 170.487 170.479s-76.331 170.479-170.487 170.479c-94.161 0-170.492-76.326-170.492-170.479z",
        "M396.985 95.717c0-17.517 14.201-31.717 31.717-31.717h166.528c17.515 0 31.718 14.2 31.718 31.717v99.738c37.466 13.563 71.825 33.542 101.734 58.685l86.315-49.847c7.287-4.207 15.945-5.348 24.073-3.171 8.124 2.177 15.053 7.493 19.26 14.778l83.264 144.201c8.759 15.169 3.563 34.566-11.61 43.325l-86.391 49.887c3.43 18.91 5.389 38.481 5.389 58.688 0 20.19-1.963 39.787-5.35 58.701l86.464 49.929c15.172 8.759 20.369 28.156 11.61 43.328l-83.264 144.201c-8.755 15.168-28.156 20.365-43.324 11.61l-86.4-49.869c-29.918 25.105-64.247 45.086-101.713 58.679v99.703c0 17.519-14.204 31.718-31.718 31.718h-166.528c-17.516 0-31.717-14.199-31.717-31.718v-99.738c-37.469-13.564-71.83-33.545-101.741-58.688l-86.372 49.856c-15.171 8.755-34.568 3.558-43.326-11.61l-83.262-144.201c-8.759-15.172-3.562-34.569 11.607-43.328l86.397-49.886c-3.435-18.927-5.391-38.519-5.391-58.688 0-20.207 1.956-39.778 5.39-58.688l-86.395-49.887c-15.169-8.759-20.366-28.156-11.607-43.325l83.262-144.201c4.207-7.285 11.136-12.601 19.262-14.778s16.785-1.036 24.070 3.171l86.327 49.854c29.935-25.143 64.29-45.126 101.725-58.719v-99.711zM460.42 127.434v91.059c0 14.182-9.412 26.64-23.057 30.512-44.172 12.534-83.814 35.759-115.904 66.901-10.177 9.876-25.673 11.797-37.954 4.705l-78.828-45.524-51.542 89.264 78.944 45.584c12.265 7.082 18.349 21.437 14.906 35.176-5.451 21.751-8.596 44.015-8.596 66.889 0 22.822 3.147 45.141 8.596 66.889 3.443 13.739-2.641 28.092-14.906 35.174l-78.944 45.585 51.546 89.271 78.886-45.534c12.288-7.091 27.792-5.163 37.965 4.727 32.022 31.121 71.644 54.336 115.844 66.816 13.666 3.857 23.1 16.324 23.1 30.524v91.115h103.091v-91.059c0-14.187 9.417-26.645 23.066-30.515 44.215-12.531 83.81-35.755 115.913-66.863 10.176-9.856 25.66-11.772 37.931-4.689l78.886 45.534 51.546-89.271-78.942-45.585c-12.215-7.053-18.308-21.325-14.946-35.025 5.376-21.905 8.525-44.271 8.525-67.093 0-22.874-3.145-45.137-8.597-66.889-3.443-13.739 2.641-28.093 14.908-35.176l78.942-45.584-51.541-89.264-78.831 45.524c-12.288 7.097-27.793 5.168-37.969-4.722-32.021-31.125-71.646-54.339-115.844-66.817-13.666-3.858-23.1-16.326-23.1-30.524v-91.114h-103.091z"
      ],
      "grid": 0,
      "tags": [
        "gear"
      ],
      "defaultCode": 59683
    },
    {
      "paths": [
        "M132.504 511.996c4.693-7.654 11.175-17.856 19.338-29.828 18.821-27.605 46.369-64.319 81.295-100.907 70.772-74.141 167.021-142.82 278.863-142.82s208.090 68.679 278.861 142.82c34.927 36.588 62.477 73.302 81.297 100.907 8.162 11.972 14.643 22.174 19.337 29.828-4.693 7.659-11.174 17.86-19.337 29.833-18.82 27.605-46.37 64.32-81.297 100.907-70.771 74.142-167.019 142.822-278.861 142.822s-208.091-68.681-278.863-142.822c-34.925-36.587-62.473-73.301-81.295-100.907-8.163-11.972-14.645-22.174-19.338-29.833zM928.282 511.996c27.844-15.185 27.84-15.194 27.836-15.206l-0.060-0.102-0.128-0.239-0.444-0.794c-0.375-0.674-0.913-1.63-1.613-2.846-1.395-2.441-3.43-5.931-6.084-10.325-5.303-8.785-13.099-21.205-23.219-36.053-20.207-29.633-49.899-69.239-87.821-108.969-74.927-78.496-186.82-162.454-324.749-162.454s-249.82 83.959-324.748 162.454c-37.924 39.73-67.615 79.336-87.82 108.969-10.123 14.848-17.917 27.268-23.222 36.053-2.654 4.395-4.689 7.885-6.084 10.325-0.698 1.216-1.236 2.172-1.612 2.846l-0.443 0.794-0.129 0.239-0.042 0.077c-0.006 0.009-0.026 0.047 27.817 15.232l-27.844-15.185c-5.164 9.468-5.164 20.907 0 30.374l27.844-15.189c-27.844 15.189-27.85 15.181-27.844 15.189l0.026 0.047 0.042 0.077 0.129 0.235 0.443 0.798c0.376 0.674 0.914 1.63 1.612 2.846 1.396 2.436 3.43 5.931 6.084 10.325 5.305 8.785 13.1 21.205 23.222 36.053 20.206 29.632 49.897 69.239 87.82 108.971 74.928 78.494 186.82 162.453 324.748 162.453s249.822-83.959 324.749-162.453c37.922-39.731 67.614-79.339 87.821-108.971 10.121-14.848 17.916-27.268 23.219-36.053 2.654-4.395 4.689-7.889 6.084-10.325 0.7-1.216 1.237-2.172 1.613-2.846l0.444-0.798 0.128-0.235 0.043-0.077c0.009-0.009 0.026-0.047-27.819-15.236zM928.282 511.996l27.844 15.189c5.167-9.468 5.154-20.928-0.009-30.396l-27.836 15.206z",
        "M512 377.201c-74.453 0-134.796 60.341-134.796 134.794 0 17.519-14.2 31.718-31.717 31.718s-31.717-14.199-31.717-31.718c0-109.486 88.743-198.228 198.23-198.228 17.515 0 31.718 14.2 31.718 31.717s-14.204 31.717-31.718 31.717z",
        "M678.515 480.282c17.515 0 31.714 14.199 31.714 31.714 0 109.491-88.742 198.234-198.229 198.234-17.515 0-31.718-14.199-31.718-31.718 0-17.515 14.204-31.718 31.718-31.718 74.453 0 134.797-60.339 134.797-134.797 0-17.515 14.199-31.714 31.718-31.714z",
        "M922.957 101.040c12.386 12.386 12.386 32.468 0 44.854l-777.061 777.063c-12.386 12.386-32.468 12.386-44.854 0s-12.386-32.469 0-44.855l777.064-777.062c12.386-12.386 32.465-12.386 44.851 0z"
      ],
      "grid": 0,
      "tags": [
        "hide"
      ],
      "defaultCode": 59684
    },
    {
      "paths": [
        "M288 512.021c0-17.361 14.076-31.437 31.439-31.437h385.125c17.361 0 31.437 14.076 31.437 31.437 0 17.365-14.076 31.441-31.437 31.441h-385.125c-17.363 0-31.439-14.076-31.439-31.441z"
      ],
      "grid": 0,
      "tags": [
        "i-delete"
      ],
      "defaultCode": 59685
    },
    {
      "paths": [
        "M739.375 739.375c12.386-12.386 32.465-12.386 44.851 0l166.515 166.511c12.386 12.386 12.386 32.469 0 44.855s-32.469 12.386-44.855 0l-166.511-166.515c-12.386-12.386-12.386-32.465 0-44.851z",
        "M428.745 127.434c-166.41 0-301.311 134.901-301.311 301.311 0 166.409 134.901 301.308 301.311 301.308 166.409 0 301.308-134.899 301.308-301.308 0-166.41-134.899-301.311-301.308-301.311zM64 428.745c0-201.443 163.301-364.745 364.745-364.745 201.442 0 364.74 163.301 364.74 364.745 0 201.442-163.298 364.74-364.74 364.74-201.443 0-364.745-163.298-364.745-364.74z"
      ],
      "grid": 0,
      "tags": [
        "search"
      ],
      "defaultCode": 59686
    },
    {
      "paths": [
        "M132.504 511.991c4.693-7.659 11.175-17.86 19.338-29.833 18.821-27.605 46.369-64.317 81.295-100.905 70.772-74.141 167.021-142.82 278.863-142.82s208.090 68.678 278.861 142.82c34.927 36.589 62.477 73.3 81.297 100.905 8.162 11.972 14.643 22.174 19.337 29.833-4.693 7.659-11.174 17.86-19.337 29.833-18.82 27.605-46.37 64.316-81.297 100.907-70.771 74.138-167.019 142.818-278.861 142.818s-208.091-68.681-278.863-142.818c-34.925-36.591-62.473-73.301-81.295-100.907-8.163-11.972-14.645-22.174-19.338-29.833zM928.282 511.991c27.844-15.189 27.84-15.198 27.836-15.211l-0.060-0.102-0.128-0.235-0.444-0.798c-0.375-0.674-0.913-1.626-1.613-2.846-1.395-2.436-3.43-5.926-6.084-10.321-5.303-8.785-13.099-21.205-23.219-36.053-20.207-29.635-49.899-69.241-87.821-108.972-74.927-78.496-186.82-162.454-324.749-162.454s-249.82 83.959-324.748 162.454c-37.924 39.73-67.615 79.336-87.82 108.972-10.123 14.848-17.917 27.268-23.222 36.053-2.654 4.395-4.689 7.885-6.084 10.321-0.698 1.22-1.236 2.172-1.612 2.846l-0.443 0.798-0.129 0.235-0.042 0.077c-0.006 0.013-0.026 0.047 27.817 15.236l-27.844-15.189c-5.164 9.468-5.164 20.911 0 30.379l27.844-15.189c-27.844 15.189-27.85 15.177-27.844 15.189l0.026 0.047 0.042 0.077 0.129 0.235 0.443 0.798c0.376 0.67 0.914 1.626 1.612 2.846 1.396 2.436 3.43 5.926 6.084 10.321 5.305 8.785 13.1 21.205 23.222 36.053 20.206 29.636 49.897 69.239 87.82 108.971 74.928 78.494 186.82 162.453 324.748 162.453s249.822-83.959 324.749-162.453c37.922-39.731 67.614-79.334 87.821-108.971 10.121-14.848 17.916-27.268 23.219-36.053 2.654-4.395 4.689-7.885 6.084-10.321 0.7-1.22 1.237-2.176 1.613-2.846l0.444-0.798 0.128-0.235 0.043-0.077c0.009-0.013 0.026-0.047-27.819-15.236zM928.282 511.991l27.844 15.189c5.167-9.468 5.154-20.932-0.009-30.4l-27.836 15.211z",
        "M512 404.956c-59.119 0-107.044 47.925-107.044 107.044s47.925 107.046 107.044 107.046c59.119 0 107.046-47.927 107.046-107.046s-47.927-107.044-107.046-107.044zM341.522 512c0-94.153 76.325-170.478 170.478-170.478s170.479 76.326 170.479 170.478c0 94.153-76.326 170.479-170.479 170.479s-170.478-76.326-170.478-170.479z"
      ],
      "grid": 0,
      "tags": [
        "view"
      ],
      "defaultCode": 59687
    },
    {
      "paths": [
        "M512 62.417c17.673 0 32 14.327 32 32v835.2c0 17.673-14.327 32-32 32s-32-14.327-32-32v-835.2c0-17.673 14.327-32 32-32z",
        "M210.956 628.621c12.497-12.497 32.758-12.497 45.255 0l255.772 255.774 255.774-255.774c12.497-12.497 32.755-12.497 45.252 0s12.497 32.759 0 45.257l-278.4 278.4c-12.497 12.497-32.755 12.497-45.252 0l-278.401-278.4c-12.497-12.497-12.497-32.759 0-45.257z"
      ],
      "grid": 0,
      "tags": [
        "arrow-down"
      ],
      "defaultCode": 59648
    },
    {
      "paths": [
        "M64 512c0-17.673 14.327-32 32-32h832c17.673 0 32 14.327 32 32s-14.327 32-32 32h-832c-17.673 0-32-14.327-32-32z",
        "M395.961 212.039c12.497 12.497 12.497 32.758 0 45.255l-254.706 254.706 254.706 254.707c12.497 12.497 12.497 32.755 0 45.252s-32.758 12.497-45.255 0l-277.333-277.333c-12.497-12.497-12.497-32.755 0-45.252l277.333-277.335c12.497-12.497 32.758-12.497 45.255 0z"
      ],
      "grid": 0,
      "tags": [
        "arrow-left"
      ],
      "defaultCode": 59649
    },
    {
      "paths": [
        "M62.417 512c0-17.673 14.327-32 32-32h835.2c17.673 0 32 14.327 32 32s-14.327 32-32 32h-835.2c-17.673 0-32-14.327-32-32z",
        "M628.621 210.956c12.497-12.497 32.759-12.497 45.257 0l278.4 278.401c12.497 12.497 12.497 32.755 0 45.252l-278.4 278.4c-12.497 12.497-32.759 12.497-45.257 0s-12.497-32.755 0-45.252l255.774-255.774-255.774-255.772c-12.497-12.497-12.497-32.758 0-45.255z"
      ],
      "grid": 0,
      "tags": [
        "arrow-right"
      ],
      "defaultCode": 59650
    },
    {
      "paths": [
        "M238.789 412.039c12.497-12.497 32.758-12.497 45.255 0l227.935 227.931 227.93-227.931c12.497-12.497 32.759-12.497 45.257 0s12.497 32.756 0 45.254l-250.56 250.56c-12.497 12.497-32.759 12.497-45.257 0l-250.559-250.56c-12.497-12.497-12.497-32.757 0-45.254z"
      ],
      "grid": 0,
      "tags": [
        "arrow-sm-down"
      ],
      "defaultCode": 59651
    },
    {
      "paths": [
        "M611.853 238.789c12.497 12.497 12.497 32.758 0 45.255l-227.931 227.935 227.931 227.93c12.497 12.497 12.497 32.759 0 45.257s-32.755 12.497-45.252 0l-250.561-250.56c-12.497-12.497-12.497-32.759 0-45.257l250.561-250.559c12.497-12.497 32.755-12.497 45.252 0z"
      ],
      "grid": 0,
      "tags": [
        "arrow-sm-left"
      ],
      "defaultCode": 59652
    },
    {
      "paths": [
        "M412.039 238.789c12.497-12.497 32.756-12.497 45.254 0l250.56 250.559c12.497 12.497 12.497 32.759 0 45.257l-250.56 250.56c-12.497 12.497-32.757 12.497-45.254 0s-12.497-32.759 0-45.257l227.931-227.93-227.931-227.935c-12.497-12.497-12.497-32.758 0-45.255z"
      ],
      "grid": 0,
      "tags": [
        "arrow-sm-right"
      ],
      "defaultCode": 59653
    },
    {
      "paths": [
        "M512 62.417c17.673 0 32 14.327 32 32v835.2c0 17.673-14.327 32-32 32s-32-14.327-32-32v-835.2c0-17.673 14.327-32 32-32z",
        "M489.357 71.789c12.497-12.497 32.755-12.497 45.252 0l278.4 278.4c12.497 12.497 12.497 32.758 0 45.255s-32.755 12.497-45.252 0l-255.774-255.773-255.772 255.773c-12.497 12.497-32.758 12.497-45.255 0s-12.497-32.758 0-45.255l278.401-278.4z"
      ],
      "grid": 0,
      "tags": [
        "arrow-up"
      ],
      "defaultCode": 59654
    },
    {
      "paths": [
        "M330.667 829.333c0 44.54-44.576 54.020-57.493 55.851-30.203-0.819-54.507-25.498-54.507-55.851v-690.667h336v-74.667h-373.333c-20.608 0-37.333 16.725-37.333 37.333v728c0 72.051 58.613 130.667 130.667 130.667h560c72.051 0 130.667-58.615 130.667-130.667v-56h-634.667v56z",
        "M778.667 512.021c-55.514 0-106.961-17.545-149.333-47.189v233.856l149.333-112 149.333 112v-233.856c-42.372 29.645-93.82 47.189-149.333 47.189z",
        "M778.667 437.333c103.091 0 186.667-83.573 186.667-186.667s-83.575-186.667-186.667-186.667c-103.091 0-186.667 83.573-186.667 186.667s83.575 186.667 186.667 186.667z"
      ],
      "grid": 0,
      "tags": [
        "brand-alumnae-fill"
      ],
      "defaultCode": 59655
    },
    {
      "paths": [
        "M773.333 98.667c0-20.608-16.725-37.333-37.333-37.333s-37.333 16.725-37.333 37.333v74.667h74.667v-74.667z",
        "M325.333 98.667c0-20.608-16.725-37.333-37.333-37.333s-37.333 16.725-37.333 37.333v74.667h74.667v-74.667z",
        "M848 210.667h-672c-61.861 0-112 50.139-112 112v485.333c0 61.862 50.139 112 112 112h672c61.862 0 112-50.138 112-112v-485.333c0-61.861-50.138-112-112-112zM885.333 808c0 20.608-16.725 37.333-37.333 37.333h-672c-20.608 0-37.333-16.725-37.333-37.333v-410.667h746.667v410.667z",
        "M344 472h-112c-10.309 0-18.667 8.358-18.667 18.667v74.667c0 10.308 8.358 18.667 18.667 18.667h112c10.309 0 18.667-8.358 18.667-18.667v-74.667c0-10.308-8.358-18.667-18.667-18.667z",
        "M568 472h-112c-10.308 0-18.667 8.358-18.667 18.667v74.667c0 10.308 8.358 18.667 18.667 18.667h112c10.308 0 18.667-8.358 18.667-18.667v-74.667c0-10.308-8.358-18.667-18.667-18.667z",
        "M344 658.667h-112c-10.309 0-18.667 8.358-18.667 18.667v74.667c0 10.308 8.358 18.667 18.667 18.667h112c10.309 0 18.667-8.358 18.667-18.667v-74.667c0-10.308-8.358-18.667-18.667-18.667z",
        "M568 658.667h-112c-10.308 0-18.667 8.358-18.667 18.667v74.667c0 10.308 8.358 18.667 18.667 18.667h112c10.308 0 18.667-8.358 18.667-18.667v-74.667c0-10.308-8.358-18.667-18.667-18.667z",
        "M792 472h-112c-10.308 0-18.667 8.358-18.667 18.667v74.667c0 10.308 8.358 18.667 18.667 18.667h112c10.308 0 18.667-8.358 18.667-18.667v-74.667c0-10.308-8.358-18.667-18.667-18.667z"
      ],
      "grid": 0,
      "tags": [
        "brand-calendar-fill"
      ],
      "defaultCode": 59656
    },
    {
      "paths": [
        "M530.667 732.301c-7.467 3.733-11.2 3.733-18.667 3.733s-11.2 0-18.667-3.733l-429.333-231.467v421.867c0 22.4 14.933 37.333 37.333 37.333h821.333c22.4 0 37.333-14.933 37.333-37.333v-421.867l-429.333 231.467z",
        "M287.983 534.4v-395.733h448v395.733l190.4-104.533-115.733-85.867v-242.667c0-22.4-14.933-37.333-37.333-37.333h-522.666c-22.4 0-37.333 14.933-37.333 37.333v246.4l-115.733 85.867 190.4 100.8z",
        "M661.333 250.667h-298.667v74.667h298.667v-74.667z",
        "M661.333 400h-298.667v74.667h298.667v-74.667z"
      ],
      "grid": 0,
      "tags": [
        "brand-communication-fill"
      ],
      "defaultCode": 59657
    },
    {
      "paths": [
        "M429.239 766.127c-33.673-26.752-90.775-58.628-171.462-58.628s-137.789 31.876-171.424 58.59c-27.769 22.020-43.687 55.343-43.687 91.443v84.634h430.221v-84.634c0-36.1-15.919-69.423-43.648-91.405z",
        "M257.806 668.446c75.601 0 136.889-61.291 136.889-136.892s-61.287-136.887-136.889-136.887c-75.602 0-136.889 61.286-136.889 136.887s61.287 136.892 136.889 136.892z",
        "M937.655 766.127c-33.673-26.752-90.773-58.628-171.46-58.628s-137.788 31.876-171.426 58.59c-27.767 22.020-43.686 55.343-43.686 91.443v84.634h430.221v-84.634c0-36.1-15.915-69.423-43.648-91.405z",
        "M766.221 668.446c75.601 0 136.892-61.291 136.892-136.892s-61.291-136.887-136.892-136.887c-75.601 0-136.887 61.286-136.887 136.887s61.286 136.892 136.887 136.892z",
        "M551.138 394.639v-117.333h117.333v-78.222h-117.333v-117.333h-78.221v117.333h-117.334v78.222h117.334v117.333h78.221z"
      ],
      "grid": 0,
      "tags": [
        "brand-guest-list-fill"
      ],
      "defaultCode": 59658
    },
    {
      "paths": [
        "M512 64l69.214 140.269 154.786 22.49-112 109.178 26.432 154.159-138.432-72.802-138.432 72.802 26.432-154.159-112-109.178 154.782-22.49 69.218-140.269z",
        "M415.456 676.791l-127.456-127.458c-10.154-9.412-23.488-14.643-37.333-14.643s-27.18 5.231-37.333 14.643c-9.876 9.916-15.421 23.339-15.421 37.333s5.545 27.418 15.421 37.333l112 112c3.56 3.465 5.597 8.205 5.663 13.171s-1.843 9.758-5.309 13.316c-3.465 3.558-8.203 5.598-13.17 5.666-4.968 0.064-9.758-1.843-13.318-5.312l-112.448-112.448c-14.718-14.827-23.836-34.3-25.797-55.1s3.357-41.634 15.045-58.953v-155.008c0-14.852-5.9-29.096-16.402-39.598s-24.746-16.402-39.598-16.402c-14.852 0-29.096 5.9-39.598 16.402s-16.402 24.746-16.402 39.598v253.867c-0.008 16.96 5.759 33.421 16.352 46.669l132.981 166.131v112h224v-230.421c-0.004-19.802-7.872-38.788-21.877-52.787z",
        "M608.546 676.791l127.454-127.458c10.155-9.412 23.488-14.643 37.333-14.643s27.179 5.231 37.333 14.643c9.877 9.916 15.42 23.339 15.42 37.333s-5.542 27.418-15.42 37.333l-112 112c-3.558 3.465-5.598 8.205-5.662 13.171-0.068 4.966 1.843 9.758 5.308 13.316s8.201 5.598 13.171 5.666c4.966 0.064 9.758-1.843 13.316-5.312l112.448-112.448c14.72-14.827 23.838-34.3 25.796-55.1 1.963-20.8-3.358-41.634-15.044-58.953v-155.008c0-14.852 5.901-29.096 16.401-39.598 10.505-10.502 24.747-16.402 39.599-16.402s29.094 5.9 39.599 16.402c10.5 10.502 16.401 24.746 16.401 39.598v253.867c0.009 16.96-5.76 33.421-16.35 46.669l-132.983 166.131v112h-224v-230.421c0.004-19.802 7.872-38.788 21.879-52.787z"
      ],
      "grid": 0,
      "tags": [
        "brand-nomination-fill"
      ],
      "defaultCode": 59659
    },
    {
      "paths": [
        "M880.252 634.458c-10.825 0-21.205 4.301-28.86 11.955-7.65 7.654-11.951 18.035-11.951 28.86v163.247c0 10.825-4.301 21.205-11.955 28.86s-18.035 11.955-28.86 11.955h-612.188c-10.824 0-21.205-4.301-28.859-11.955s-11.954-18.035-11.954-28.86v-489.748c0-10.824 4.3-21.205 11.954-28.859s18.035-11.954 28.859-11.954h40.812c10.825 0 21.205-4.3 28.859-11.953s11.954-18.035 11.954-28.859c0-10.824-4.3-21.205-11.954-28.859s-18.034-11.953-28.859-11.953h-40.812c-32.473 0-63.615 12.899-86.577 35.861s-35.861 54.104-35.861 86.577v489.748c0 32.474 12.9 63.616 35.861 86.579 22.961 22.959 54.104 35.861 86.577 35.861h612.188c32.474 0 63.616-12.902 86.579-35.861 22.959-22.963 35.861-54.106 35.861-86.579v-163.247c0-10.825-4.301-21.205-11.955-28.86s-18.035-11.955-28.86-11.955z",
        "M669.231 68.123c-2.948-2.577-6.579-4.252-10.453-4.822-3.878-0.571-7.834-0.014-11.405 1.604-3.567 1.618-6.592 4.229-8.717 7.521s-3.255 7.125-3.26 11.043v143.089c-175.492 3.837-367.313 62.688-367.313 428.286-0.003 4.271 1.335 8.435 3.825 11.904 2.49 3.473 6.005 6.076 10.052 7.441 2.109 0.691 4.311 1.050 6.53 1.062 3.168 0 6.292-0.738 9.126-2.155s5.298-3.473 7.199-6.007c66.851-87.991 130.599-151.006 330.582-155.089v142.844c0.004 3.917 1.135 7.753 3.26 11.042 2.125 3.294 5.15 5.905 8.717 7.522 3.571 1.617 7.526 2.176 11.405 1.604 3.874-0.572 7.505-2.244 10.453-4.821l326.502-285.689c2.185-1.915 3.934-4.275 5.133-6.921s1.822-5.519 1.822-8.424c0-2.906-0.623-5.777-1.822-8.424s-2.948-5.006-5.133-6.921l-326.502-285.687z"
      ],
      "grid": 0,
      "tags": [
        "brand-quick-export-fill"
      ],
      "defaultCode": 59660
    },
    {
      "paths": [
        "M206.716 756.25h-122.113c-11.241 0-20.352 9.114-20.352 20.352v162.82c0 11.238 9.112 20.352 20.352 20.352h122.113c11.241 0 20.352-9.114 20.352-20.352v-162.82c0-11.238-9.112-20.352-20.352-20.352z",
        "M450.965 471.334h-122.113c-11.241 0-20.352 9.109-20.352 20.352v447.753c0 11.238 9.112 20.352 20.352 20.352h122.113c11.243 0 20.352-9.114 20.352-20.352v-447.753c0-11.243-9.109-20.352-20.352-20.352z",
        "M695.134 756.25h-122.116c-11.238 0-20.352 9.114-20.352 20.352v162.82c0 11.238 9.114 20.352 20.352 20.352h122.116c11.238 0 20.352-9.114 20.352-20.352v-162.82c0-11.238-9.114-20.352-20.352-20.352z",
        "M939.383 471.334h-122.116c-11.238 0-20.352 9.109-20.352 20.352v447.753c0 11.238 9.114 20.352 20.352 20.352h122.116c11.238 0 20.352-9.114 20.352-20.352v-447.753c0-11.243-9.114-20.352-20.352-20.352z",
        "M890.266 76.176l-256.154 256.155-215.447-215.45c-7.633-7.631-17.985-11.918-28.778-11.918s-21.145 4.287-28.778 11.918l-284.932 284.933c-3.888 3.755-6.989 8.246-9.122 13.213s-3.256 10.307-3.303 15.71c-0.047 5.406 0.983 10.765 3.029 15.77 2.047 5.001 5.069 9.545 8.891 13.367s8.367 6.844 13.369 8.892c5.003 2.048 10.362 3.076 15.767 3.029s10.746-1.169 15.712-3.302c4.966-2.133 9.458-5.235 13.213-9.122l256.154-256.155 215.451 215.45c7.633 7.631 17.984 11.918 28.774 11.918 10.795 0 21.146-4.287 28.779-11.918l284.932-284.933c7.415-7.677 11.52-17.959 11.426-28.631s-4.373-20.882-11.921-28.429c-7.548-7.547-17.758-11.828-28.429-11.921s-20.954 4.010-28.634 11.425z"
      ],
      "grid": 0,
      "tags": [
        "brand-report-fill"
      ],
      "defaultCode": 59661
    },
    {
      "paths": [
        "M689.399 568.559c-7.377-7.121-17.254-11.063-27.503-10.974-10.253 0.090-20.062 4.203-27.311 11.452s-11.362 17.058-11.452 27.307c-0.090 10.253 3.853 20.13 10.974 27.507l110.268 110.263-51.494 51.499-110.268-110.268c-3.61-3.733-7.923-6.711-12.693-8.764-4.77-2.048-9.903-3.127-15.091-3.17-5.193-0.047-10.342 0.943-15.147 2.91-4.809 1.967-9.173 4.868-12.843 8.542-3.674 3.669-6.575 8.034-8.542 12.843-1.967 4.804-2.957 9.954-2.91 15.142 0.043 5.193 1.122 10.325 3.17 15.095 2.052 4.77 5.030 9.084 8.764 12.693l99.985 100.019c-28.19 11.755-58.722 16.802-89.19 14.741-2.709 27.618-13.602 53.803-31.283 75.191 14.665 2.492 29.508 3.802 44.382 3.913 35.942 0.055 71.539-6.989 104.755-20.723s63.39-33.894 88.798-59.319l82.423-83.52c7.266-7.36 11.319-17.293 11.273-27.635-0.043-10.338-4.181-20.241-11.507-27.537l-137.557-137.207z",
        "M114.024 546.918c11.646-11.371 25.181-20.634 40.001-27.371-23.249-38.903-34.838-83.665-33.387-128.965s15.879-89.228 41.569-126.566c25.691-37.338 61.563-66.512 103.352-84.055s87.737-22.717 132.381-14.907l16.931-16.931c16.556-16.59 34.694-31.519 54.154-44.576-62.316-23.398-130.438-26.484-194.616-8.817s-121.124 55.182-162.688 107.177c-41.564 51.995-65.615 115.804-68.713 182.298-3.098 66.492 14.916 132.262 51.465 187.895 5.55-9.101 12.108-17.549 19.551-25.182z",
        "M470.498 759.083l-184.473-184.474c-39.87-39.872-104.513-39.872-144.383 0-39.87 39.868-39.87 104.512 0 144.384l184.474 184.474c39.87 39.868 104.514 39.868 144.382 0 39.872-39.872 39.872-104.516 0-144.384z",
        "M888.785 175.765c-59.183-59.183-139.452-92.432-223.151-92.432s-163.968 33.249-223.155 92.432l-181.312 181.274 27.684 27.645c22.907 22.851 53.942 35.683 86.297 35.683s63.389-12.833 86.296-35.683l70.11-70.031 329.391 335.335 27.921-27.917c59.183-59.187 92.433-139.456 92.433-223.154s-33.25-163.968-92.433-223.152h-0.081z"
      ],
      "grid": 0,
      "tags": [
        "brand-sponsor-fill"
      ],
      "defaultCode": 59662
    },
    {
      "paths": [
        "M848 176h-74.667v186.667h-522.667v-186.667h-74.667c-20.645 0-37.333 16.688-37.333 37.333v709.333c0 20.646 16.688 37.333 37.333 37.333h672c20.646 0 37.333-16.687 37.333-37.333v-709.333c0-20.645-16.687-37.333-37.333-37.333zM736 773.333h-448v-74.667h448v74.667zM736 586.667h-448v-74.667h448v74.667z",
        "M586.667 138.667c0-41.254-33.412-74.667-74.667-74.667s-74.667 33.413-74.667 74.667h-112v149.333h373.333v-149.333h-112z"
      ],
      "grid": 0,
      "tags": [
        "brand-table-planning-fill"
      ],
      "defaultCode": 59663
    },
    {
      "paths": [
        "M489.348 316.039c12.497-12.497 32.759-12.497 45.257 0l250.56 250.561c12.497 12.497 12.497 32.755 0 45.252s-32.759 12.497-45.257 0l-227.93-227.931-227.935 227.931c-12.497 12.497-32.758 12.497-45.255 0s-12.497-32.755 0-45.252l250.559-250.561z"
      ],
      "grid": 0,
      "tags": [
        "caret-sm-up"
      ],
      "defaultCode": 59664
    },
    {
      "paths": [
        "M955.499 213.333h-112v186.667h112v-186.667z",
        "M955.499 474.667h-112v186.667h112v-186.667z",
        "M694.165 64h-597.332v896h597.332c61.751 0 112-50.249 112-112v-672c0-61.749-50.249-112-112-112zM451.499 288c51.558 0 93.333 41.776 93.333 93.333 0 51.558-41.775 93.333-93.333 93.333-51.556 0-93.332-41.775-93.332-93.333 0-51.557 41.776-93.333 93.332-93.333zM619.499 698.667h-335.999v-60.518c0-33.263 21.84-62.345 53.76-71.753 29.68-8.772 69.552-17.062 114.239-17.062 44.689 0 84.561 8.29 114.24 17.062 31.923 9.408 53.76 38.49 53.76 71.753v60.518z"
      ],
      "grid": 0,
      "tags": [
        "contacts-fill"
      ],
      "defaultCode": 59665
    },
    {
      "paths": [
        "M512.009 122.25c15.373 0 27.84 12.465 27.84 27.84v723.839c0 15.377-12.467 27.84-27.84 27.84-15.377 0-27.84-12.463-27.84-27.84v-723.839c0-15.375 12.463-27.84 27.84-27.84z",
        "M122.25 512.009c0-15.377 12.465-27.84 27.84-27.84h723.839c15.377 0 27.84 12.463 27.84 27.84 0 15.373-12.463 27.84-27.84 27.84h-723.839c-15.375 0-27.84-12.467-27.84-27.84z"
      ],
      "grid": 0,
      "tags": [
        "e-add"
      ],
      "defaultCode": 59666
    },
    {
      "paths": [
        "M727.799 296.201c10.935 10.935 10.935 28.663 0 39.598l-616 616c-10.935 10.935-28.663 10.935-39.598 0s-10.935-28.663 0-39.599l616-616c10.935-10.935 28.663-10.935 39.599 0z",
        "M344 316c0-15.464 12.536-28 28-28h336.002c15.462 0 27.998 12.536 27.998 28v335.998c0 15.467-12.535 28.002-27.998 28.002-15.467 0-28.002-12.535-28.002-28.002v-307.998h-308c-15.464 0-28-12.536-28-28z",
        "M208.804 96.804c21.004-21.004 49.492-32.804 79.196-32.804h560c29.705 0 58.193 11.8 79.198 32.804 21.001 21.004 32.802 49.492 32.802 79.196v672c0 29.705-11.802 58.193-32.802 79.198-21.005 21.001-49.493 32.802-79.198 32.802h-420.002c-15.462 0-27.998-12.535-27.998-27.998 0-15.467 12.536-28.002 27.998-28.002h420.002c14.852 0 29.094-5.901 39.599-16.401 10.5-10.505 16.401-24.747 16.401-39.599v-672c0-14.852-5.901-29.096-16.401-39.598-10.505-10.502-24.747-16.402-39.599-16.402h-560c-14.852 0-29.096 5.9-39.598 16.402s-16.402 24.746-16.402 39.598v308.002c0 15.462-12.536 27.998-28 27.998s-28-12.535-28-27.998v-308.002c0-29.704 11.8-58.192 32.804-79.196z"
      ],
      "grid": 0,
      "tags": [
        "import"
      ],
      "defaultCode": 59667
    },
    {
      "paths": [
        "M150.103 122.263c-15.376 0-27.84 12.464-27.84 27.84v723.838c0 15.377 12.464 27.84 27.84 27.84h723.838c15.377 0 27.84-12.463 27.84-27.84v-723.838c0-15.376-12.463-27.84-27.84-27.84h-723.838zM66.583 150.103c0-46.127 37.393-83.52 83.52-83.52h723.838c46.127 0 83.52 37.393 83.52 83.52v723.838c0 46.127-37.393 83.52-83.52 83.52h-723.838c-46.127 0-83.52-37.393-83.52-83.52v-723.838z",
        "M108.363 108.363c10.872-10.872 28.499-10.872 39.372 0l364.313 364.316 364.314-364.316c10.876-10.872 28.501-10.872 39.373 0s10.871 28.499 0 39.372l-364.314 364.313 364.314 364.314c10.871 10.876 10.871 28.501 0 39.373s-28.497 10.871-39.373 0l-364.314-364.314-364.313 364.314c-10.872 10.871-28.5 10.871-39.372 0s-10.872-28.497 0-39.373l364.316-364.314-364.316-364.313c-10.872-10.872-10.872-28.5 0-39.372z"
      ],
      "grid": 0,
      "tags": [
        "null-icon"
      ],
      "defaultCode": 59668
    },
    {
      "paths": [
        "M731.622 359.896c-2.351-4.513-5.892-8.295-10.24-10.936-4.352-2.641-9.34-4.039-14.43-4.044h-389.8c-5.093 0.005-10.087 1.405-14.439 4.051s-7.895 6.434-10.243 10.953c-2.349 4.519-3.413 9.595-3.077 14.677s2.060 9.974 4.983 14.144l194.903 278.429c2.569 3.652 5.978 6.635 9.941 8.695 3.964 2.057 8.367 3.132 12.834 3.132 4.463 0 8.866-1.075 12.83-3.132 3.964-2.061 7.373-5.043 9.946-8.695l194.901-278.429c2.923-4.174 4.646-9.071 4.979-14.158 0.337-5.086-0.734-10.167-3.089-14.687z"
      ],
      "grid": 0,
      "tags": [
        "triangle-sm-down-fill"
      ],
      "defaultCode": 59669
    },
    {
      "paths": [
        "M663.966 292.49c-4.51-2.352-9.574-3.424-14.647-3.1s-9.963 2.031-14.135 4.938l-278.362 194.888c-3.675 2.564-6.676 5.982-8.749 9.954-2.072 3.977-3.155 8.393-3.155 12.877 0 4.48 1.082 8.896 3.155 12.873 2.073 3.972 5.074 7.39 8.749 9.954l278.362 194.889c4.685 3.273 10.266 5.022 15.979 5.013 4.463 0 8.858-1.092 12.804-3.174 4.523-2.347 8.316-5.884 10.965-10.231 2.65-4.352 4.058-9.344 4.066-14.438v-389.774c-0.009-5.094-1.417-10.087-4.066-14.436s-6.443-7.888-10.965-10.231z"
      ],
      "grid": 0,
      "tags": [
        "triangle-sm-left"
      ],
      "defaultCode": 59670
    },
    {
      "paths": [
        "M388.731 294.376c-4.173-2.926-9.069-4.649-14.155-4.983s-10.164 0.735-14.685 3.090c-4.52 2.355-8.306 5.905-10.947 10.264s-4.034 9.359-4.028 14.456v389.732c0.010 5.094 1.417 10.086 4.067 14.434s6.443 7.889 10.965 10.231c3.946 2.082 8.341 3.174 12.805 3.174 5.714 0.009 11.292-1.741 15.978-5.013l278.362-194.867c3.674-2.564 6.677-5.978 8.747-9.954 2.074-3.972 3.157-8.388 3.157-12.873 0-4.48-1.084-8.896-3.157-12.873-2.069-3.972-5.073-7.39-8.747-9.954l-278.362-194.865z"
      ],
      "grid": 0,
      "tags": [
        "triangle-sm-right-fill"
      ],
      "defaultCode": 59671
    },
    {
      "paths": [
        "M729.839 635.337l-194.901-278.36c-2.705-3.471-6.17-6.278-10.125-8.209-3.959-1.931-8.303-2.935-12.706-2.935s-8.747 1.004-12.702 2.935c-3.955 1.931-7.42 4.738-10.129 8.209l-194.899 278.36c-2.926 4.173-4.65 9.071-4.984 14.157s0.735 10.163 3.090 14.682c2.355 4.523 5.906 8.307 10.266 10.948s9.361 4.036 14.458 4.028h389.8c5.099 0.009 10.099-1.387 14.46-4.028 4.356-2.641 7.91-6.426 10.266-10.948 2.355-4.518 3.422-9.596 3.089-14.682s-2.057-9.984-4.983-14.157z"
      ],
      "grid": 0,
      "tags": [
        "triangle-sm-up-fill"
      ],
      "defaultCode": 59672
    }
  ],
  "colorThemes": [],
  "preferences": {
    "showGlyphs": true,
    "showCodes": true,
    "showQuickUse": true,
    "showQuickUse2": true,
    "showSVGs": true,
    "fontPref": {
      "prefix": "icon-",
      "metadata": {
        "fontFamily": "icomoon"
      },
      "metrics": {
        "emSize": 1024,
        "baseline": 6.25,
        "whitespace": 50
      },
      "embed": false
    },
    "imagePref": {
      "prefix": "icon-",
      "png": true,
      "useClassSelector": true,
      "color": 0,
      "bgColor": 16777215
    },
    "historySize": 50
  },
  "IcoMoonType": "icon-set"
}