{
  "globals": {
    "AxiosError": true,
    "AxiosInstance": true,
    "AxiosRequestConfig": true,
    "AxiosResponse": true,
    "Component": true,
    "ComponentPublicInstance": true,
    "ComputedRef": true,
    "DefineStoreOptions": true,
    "EffectScope": true,
    "ElCol": true,
    "ElForm": true,
    "ElRow": true,
    "ElementPlus": true,
    "FormInstance": true,
    "FormItemRule": true,
    "FormRules": true,
    "InjectionKey": true,
    "InternalAxiosRequestConfig": true,
    "PropType": true,
    "Ref": true,
    "RouteLocationNamedRaw": true,
    "RouteLocationNormalizedLoaded": true,
    "RouteRecordName": true,
    "StoreDefinition": true,
    "StrictUseAxiosReturn": true,
    "UploadFile": true,
    "UploadInstance": true,
    "UseAxiosOptions": true,
    "VNode": true,
    "axios": true,
    "camelCase": true,
    "classNames": true,
    "computed": true,
    "createApp": true,
    "createI18n": true,
    "createPinia": true,
    "createRouter": true,
    "createWebHistory": true,
    "customRef": true,
    "defineAsyncComponent": true,
    "defineComponent": true,
    "defineStore": true,
    "effectScope": true,
    "forEach": true,
    "get": true,
    "getCurrentInstance": true,
    "getCurrentScope": true,
    "h": true,
    "head": true,
    "indexOf": true,
    "inject": true,
    "isArray": true,
    "isBoolean": true,
    "isDate": true,
    "isEmpty": true,
    "isNull": true,
    "isObject": true,
    "isProxy": true,
    "isReactive": true,
    "isReadonly": true,
    "isRef": true,
    "isString": true,
    "keys": true,
    "map": true,
    "mapValues": true,
    "markRaw": true,
    "nextTick": true,
    "noop": true,
    "onActivated": true,
    "onBeforeMount": true,
    "onBeforeUnmount": true,
    "onBeforeUpdate": true,
    "onDeactivated": true,
    "onErrorCaptured": true,
    "onMounted": true,
    "onRenderTracked": true,
    "onRenderTriggered": true,
    "onScopeDispose": true,
    "onServerPrefetch": true,
    "onUnmounted": true,
    "onUpdated": true,
    "pick": true,
    "provide": true,
    "reactive": true,
    "readonly": true,
    "ref": true,
    "resolveComponent": true,
    "shallowReactive": true,
    "shallowReadonly": true,
    "shallowRef": true,
    "snakeCase": true,
    "toRaw": true,
    "toRef": true,
    "toRefs": true,
    "triggerRef": true,
    "trim": true,
    "unref": true,
    "useAsyncValidator": true,
    "useAttrs": true,
    "useAxios": true,
    "useCssModule": true,
    "useCssVars": true,
    "useDebounceFn": true,
    "useFavicon": true,
    "useI18n": true,
    "useLocalStorage": true,
    "useRoute": true,
    "useRouter": true,
    "useSlots": true,
    "useTitle": true,
    "useUniversalCookie": true,
    "useVModels": true,
    "watch": true,
    "watchEffect": true,
    "watchPostEffect": true,
    "watchSyncEffect": true,
    "CHANGE_EVENT": true,
    "ConfigType": true,
    "Dayjs": true,
    "ElAlert": true,
    "ElButton": true,
    "ElCheckbox": true,
    "ElCheckboxGroup": true,
    "ElFormItem": true,
    "ElNotification": true,
    "ElOption": true,
    "ElRadio": true,
    "ElRadioGroup": true,
    "ElSelect": true,
    "ExtractDefaultPropTypes": true,
    "ExtractPropTypes": true,
    "ExtractPublicPropTypes": true,
    "INPUT_EVENT": true,
    "OpUnitType": true,
    "QUnitType": true,
    "QueryClient": true,
    "QueryClientProvider": true,
    "UPDATE_MODEL_EVENT": true,
    "WritableComputedRef": true,
    "dataSerialization": true,
    "dayjs": true,
    "toValue": true,
    "trimData": true,
    "useCookies": true,
    "useDateTime": true,
    "useHttpRequest": true,
    "useInfiniteQuery": true,
    "useMultipleRequests": true,
    "useMutation": true,
    "useQueries": true,
    "useQuery": true,
    "useQueryClient": true,
    "useRequest": true,
    "windowRedirect": true
  }
}
