{
  "version": "0.2",
  "language": "en",
  "words": [
    "Allsubmissions",
    "beforeinput",
    "camelize",
    "catagory",
    "chartdata",
    "chartjs",
    "childs",
    "chunkhash",
    "compositionend",
    "compositionstart",
    "contenteditable",
    "CSAQ",
    "csstype",
    "datepicker",
    "Diginex",
    "donebutton",
    "dont",
    "dragmove",
    "ETPCSAQ",
    "gifsicle",
    "gramm",
    "harrassement",
    "horiz",
    "hyperscript",
    "IETP",
    "immer",
    "Inlines",
    "introjs",
    "Konva",
    "konvajs",
    "kournikova",
    "Kumar",
    "melrose",
    "middlewares",
    "mischka",
    "Mixins",
    "mozjpeg",
    "multiselect",
    "nextbutton",
    "onbeforechange",
    "optipng",
    "panter",
    "picton",
    "precomposed",
    "prevbutton",
    "Reget",
    "Resizer",
    "resizestop",
    "riskscore",
    "Roboto",
    "santas",
    "Saqs",
    "Seamonkey",
    "skipbutton",
    "SPACEBAR",
    "textfield",
    "timelapse",
    "tooltipbuttons",
    "tooltiptext",
    "transformend",
    "Uday",
    "unfollow",
    "Unpublish",
    "uuidv",
    "uuidv4",
    "VNODE",
    "Vuex",
    "Walkthrough"
  ],
  "flagWords": [],
  "ignorePaths": [
    "i18n/en.json",
    "i18n/ja.json"
  ]
}
